source,target,weight
Chor Der Engel,Chor Der Jünger,1
Chor Der Engel,Chor Der Weiber,1
Chor Der Engel,Faust,1
Chor Der Engel,Geist,1
Chor Der Engel,Wagner,1
Chor Der Jünger,Chor Der Weiber,1
Chor Der Jünger,Faust,1
Chor Der Jünger,Geist,1
Chor Der Jünger,Wagner,1
Chor Der Weiber,Faust,1
Chor Der Weiber,Geist,1
Chor Der Weiber,Wagner,1
Faust,Geist,1
Faust,Wagner,2
Geist,Wagner,1
Alle,Alte,1
Alle,Alter Bauer,1
Alle,Andre,1
Alle,Andrer Bürger,1
Alle,Bettler,1
Alle,Bürger,1
Alle,Bürgermädchen,1
Alle,Die Andre,1
Alle,Die Ersten,1
Alle,Die Zweiten,1
Alle,Dienstmädchen,1
Alle,Dritter Bürger,1
Alle,Ein Dritter,1
Alle,Ein Handwerksbursch,1
Alle,Einige Handwerksburschen,1
Alle,Erste,1
Alle,Erster,1
Alle,Faust,3
Alle,Fünfter,1
Alle,Schüler,1
Alle,Soldaten,1
Alle,Vierter,1
Alle,Wagner,1
Alle,Zweiter,1
Alle,Zweiter Schüler,1
Alte,Alter Bauer,1
Alte,Andre,1
Alte,Andrer Bürger,1
Alte,Bettler,1
Alte,Bürger,1
Alte,Bürgermädchen,1
Alte,Die Andre,1
Alte,Die Ersten,1
Alte,Die Zweiten,1
Alte,Dienstmädchen,1
Alte,Dritter Bürger,1
Alte,Ein Dritter,1
Alte,Ein Handwerksbursch,1
Alte,Einige Handwerksburschen,1
Alte,Erste,1
Alte,Erster,1
Alte,Faust,1
Alte,Fünfter,1
Alte,Schüler,1
Alte,Soldaten,1
Alte,Vierter,1
Alte,Wagner,1
Alte,Zweiter,1
Alte,Zweiter Schüler,1
Alter Bauer,Andre,1
Alter Bauer,Andrer Bürger,1
Alter Bauer,Bettler,1
Alter Bauer,Bürger,1
Alter Bauer,Bürgermädchen,1
Alter Bauer,Die Andre,1
Alter Bauer,Die Ersten,1
Alter Bauer,Die Zweiten,1
Alter Bauer,Dienstmädchen,1
Alter Bauer,Dritter Bürger,1
Alter Bauer,Ein Dritter,1
Alter Bauer,Ein Handwerksbursch,1
Alter Bauer,Einige Handwerksburschen,1
Alter Bauer,Erste,1
Alter Bauer,Erster,1
Alter Bauer,Faust,1
Alter Bauer,Fünfter,1
Alter Bauer,Schüler,1
Alter Bauer,Soldaten,1
Alter Bauer,Vierter,1
Alter Bauer,Wagner,1
Alter Bauer,Zweiter,1
Alter Bauer,Zweiter Schüler,1
Andre,Andrer Bürger,1
Andre,Bettler,1
Andre,Bürger,1
Andre,Bürgermädchen,1
Andre,Die Andre,1
Andre,Die Ersten,1
Andre,Die Zweiten,1
Andre,Dienstmädchen,1
Andre,Dritter Bürger,1
Andre,Ein Dritter,1
Andre,Ein Handwerksbursch,1
Andre,Einige Handwerksburschen,1
Andre,Erste,1
Andre,Erster,1
Andre,Faust,2
Andre,Fünfter,1
Andre,Schüler,1
Andre,Soldaten,1
Andre,Vierter,1
Andre,Wagner,1
Andre,Zweiter,1
Andre,Zweiter Schüler,1
Andrer Bürger,Bettler,1
Andrer Bürger,Bürger,1
Andrer Bürger,Bürgermädchen,1
Andrer Bürger,Die Andre,1
Andrer Bürger,Die Ersten,1
Andrer Bürger,Die Zweiten,1
Andrer Bürger,Dienstmädchen,1
Andrer Bürger,Dritter Bürger,1
Andrer Bürger,Ein Dritter,1
Andrer Bürger,Ein Handwerksbursch,1
Andrer Bürger,Einige Handwerksburschen,1
Andrer Bürger,Erste,1
Andrer Bürger,Erster,1
Andrer Bürger,Faust,1
Andrer Bürger,Fünfter,1
Andrer Bürger,Schüler,1
Andrer Bürger,Soldaten,1
Andrer Bürger,Vierter,1
Andrer Bürger,Wagner,1
Andrer Bürger,Zweiter,1
Andrer Bürger,Zweiter Schüler,1
Bettler,Bürger,1
Bettler,Bürgermädchen,1
Bettler,Die Andre,1
Bettler,Die Ersten,1
Bettler,Die Zweiten,1
Bettler,Dienstmädchen,1
Bettler,Dritter Bürger,1
Bettler,Ein Dritter,1
Bettler,Ein Handwerksbursch,1
Bettler,Einige Handwerksburschen,1
Bettler,Erste,1
Bettler,Erster,1
Bettler,Faust,1
Bettler,Fünfter,1
Bettler,Schüler,1
Bettler,Soldaten,1
Bettler,Vierter,1
Bettler,Wagner,1
Bettler,Zweiter,1
Bettler,Zweiter Schüler,1
Bürger,Bürgermädchen,1
Bürger,Die Andre,1
Bürger,Die Ersten,1
Bürger,Die Zweiten,1
Bürger,Dienstmädchen,1
Bürger,Dritter Bürger,1
Bürger,Ein Dritter,1
Bürger,Ein Handwerksbursch,1
Bürger,Einige Handwerksburschen,1
Bürger,Erste,1
Bürger,Erster,1
Bürger,Faust,1
Bürger,Fünfter,1
Bürger,Schüler,1
Bürger,Soldaten,1
Bürger,Vierter,1
Bürger,Wagner,1
Bürger,Zweiter,1
Bürger,Zweiter Schüler,1
Bürgermädchen,Die Andre,1
Bürgermädchen,Die Ersten,1
Bürgermädchen,Die Zweiten,1
Bürgermädchen,Dienstmädchen,1
Bürgermädchen,Dritter Bürger,1
Bürgermädchen,Ein Dritter,1
Bürgermädchen,Ein Handwerksbursch,1
Bürgermädchen,Einige Handwerksburschen,1
Bürgermädchen,Erste,1
Bürgermädchen,Erster,1
Bürgermädchen,Faust,1
Bürgermädchen,Fünfter,1
Bürgermädchen,Schüler,1
Bürgermädchen,Soldaten,1
Bürgermädchen,Vierter,1
Bürgermädchen,Wagner,1
Bürgermädchen,Zweiter,1
Bürgermädchen,Zweiter Schüler,1
Die Andre,Die Ersten,1
Die Andre,Die Zweiten,1
Die Andre,Dienstmädchen,1
Die Andre,Dritter Bürger,1
Die Andre,Ein Dritter,1
Die Andre,Ein Handwerksbursch,1
Die Andre,Einige Handwerksburschen,1
Die Andre,Erste,1
Die Andre,Erster,1
Die Andre,Faust,1
Die Andre,Fünfter,1
Die Andre,Schüler,1
Die Andre,Soldaten,1
Die Andre,Vierter,1
Die Andre,Wagner,1
Die Andre,Zweiter,1
Die Andre,Zweiter Schüler,1
Die Ersten,Die Zweiten,1
Die Ersten,Dienstmädchen,1
Die Ersten,Dritter Bürger,1
Die Ersten,Ein Dritter,1
Die Ersten,Ein Handwerksbursch,1
Die Ersten,Einige Handwerksburschen,1
Die Ersten,Erste,1
Die Ersten,Erster,1
Die Ersten,Faust,1
Die Ersten,Fünfter,1
Die Ersten,Schüler,1
Die Ersten,Soldaten,1
Die Ersten,Vierter,1
Die Ersten,Wagner,1
Die Ersten,Zweiter,1
Die Ersten,Zweiter Schüler,1
Die Zweiten,Dienstmädchen,1
Die Zweiten,Dritter Bürger,1
Die Zweiten,Ein Dritter,1
Die Zweiten,Ein Handwerksbursch,1
Die Zweiten,Einige Handwerksburschen,1
Die Zweiten,Erste,1
Die Zweiten,Erster,1
Die Zweiten,Faust,1
Die Zweiten,Fünfter,1
Die Zweiten,Schüler,1
Die Zweiten,Soldaten,1
Die Zweiten,Vierter,1
Die Zweiten,Wagner,1
Die Zweiten,Zweiter,1
Die Zweiten,Zweiter Schüler,1
Dienstmädchen,Dritter Bürger,1
Dienstmädchen,Ein Dritter,1
Dienstmädchen,Ein Handwerksbursch,1
Dienstmädchen,Einige Handwerksburschen,1
Dienstmädchen,Erste,1
Dienstmädchen,Erster,1
Dienstmädchen,Faust,1
Dienstmädchen,Fünfter,1
Dienstmädchen,Schüler,1
Dienstmädchen,Soldaten,1
Dienstmädchen,Vierter,1
Dienstmädchen,Wagner,1
Dienstmädchen,Zweiter,1
Dienstmädchen,Zweiter Schüler,1
Dritter Bürger,Ein Dritter,1
Dritter Bürger,Ein Handwerksbursch,1
Dritter Bürger,Einige Handwerksburschen,1
Dritter Bürger,Erste,1
Dritter Bürger,Erster,1
Dritter Bürger,Faust,1
Dritter Bürger,Fünfter,1
Dritter Bürger,Schüler,1
Dritter Bürger,Soldaten,1
Dritter Bürger,Vierter,1
Dritter Bürger,Wagner,1
Dritter Bürger,Zweiter,1
Dritter Bürger,Zweiter Schüler,1
Ein Dritter,Ein Handwerksbursch,1
Ein Dritter,Einige Handwerksburschen,1
Ein Dritter,Erste,1
Ein Dritter,Erster,1
Ein Dritter,Faust,1
Ein Dritter,Fünfter,1
Ein Dritter,Schüler,1
Ein Dritter,Soldaten,1
Ein Dritter,Vierter,1
Ein Dritter,Wagner,1
Ein Dritter,Zweiter,1
Ein Dritter,Zweiter Schüler,1
Ein Handwerksbursch,Einige Handwerksburschen,1
Ein Handwerksbursch,Erste,1
Ein Handwerksbursch,Erster,1
Ein Handwerksbursch,Faust,1
Ein Handwerksbursch,Fünfter,1
Ein Handwerksbursch,Schüler,1
Ein Handwerksbursch,Soldaten,1
Ein Handwerksbursch,Vierter,1
Ein Handwerksbursch,Wagner,1
Ein Handwerksbursch,Zweiter,1
Ein Handwerksbursch,Zweiter Schüler,1
Einige Handwerksburschen,Erste,1
Einige Handwerksburschen,Erster,1
Einige Handwerksburschen,Faust,1
Einige Handwerksburschen,Fünfter,1
Einige Handwerksburschen,Schüler,1
Einige Handwerksburschen,Soldaten,1
Einige Handwerksburschen,Vierter,1
Einige Handwerksburschen,Wagner,1
Einige Handwerksburschen,Zweiter,1
Einige Handwerksburschen,Zweiter Schüler,1
Erste,Erster,1
Erste,Faust,2
Erste,Fünfter,1
Erste,Schüler,1
Erste,Soldaten,1
Erste,Vierter,1
Erste,Wagner,1
Erste,Zweiter,1
Erste,Zweiter Schüler,1
Erster,Faust,1
Erster,Fünfter,1
Erster,Schüler,1
Erster,Soldaten,1
Erster,Vierter,1
Erster,Wagner,1
Erster,Zweiter,1
Erster,Zweiter Schüler,1
Faust,Fünfter,1
Faust,Schüler,2
Faust,Soldaten,1
Faust,Vierter,1
Faust,Zweiter,1
Faust,Zweiter Schüler,1
Fünfter,Schüler,1
Fünfter,Soldaten,1
Fünfter,Vierter,1
Fünfter,Wagner,1
Fünfter,Zweiter,1
Fünfter,Zweiter Schüler,1
Schüler,Soldaten,1
Schüler,Vierter,1
Schüler,Wagner,1
Schüler,Zweiter,1
Schüler,Zweiter Schüler,1
Soldaten,Vierter,1
Soldaten,Wagner,1
Soldaten,Zweiter,1
Soldaten,Zweiter Schüler,1
Vierter,Wagner,1
Vierter,Zweiter,2
Vierter,Zweiter Schüler,1
Wagner,Zweiter,1
Wagner,Zweiter Schüler,1
Zweiter,Zweiter Schüler,1
Faust,Geister,1
Faust,Mephistopheles,26
Geister,Mephistopheles,1
Faust,Geisterchor,1
Geisterchor,Mephistopheles,1
Geisterchor,Schüler,1
Mephistopheles,Schüler,1
Alle,Altm,1
Alle,Altmayer,1
Alle,Brander,1
Alle,Chorus,1
Alle,Frosch,1
Alle,Mephistopheles,1
Alle,Siebel,1
Altm,Altmayer,1
Altm,Brander,1
Altm,Chorus,1
Altm,Faust,1
Altm,Frosch,1
Altm,Mephistopheles,1
Altm,Siebel,1
Altmayer,Brander,1
Altmayer,Chorus,1
Altmayer,Faust,1
Altmayer,Frosch,1
Altmayer,Mephistopheles,1
Altmayer,Siebel,1
Brander,Chorus,1
Brander,Faust,1
Brander,Frosch,1
Brander,Mephistopheles,1
Brander,Siebel,1
Chorus,Faust,3
Chorus,Frosch,1
Chorus,Mephistopheles,2
Chorus,Siebel,1
Faust,Frosch,1
Faust,Siebel,1
Frosch,Mephistopheles,1
Frosch,Siebel,1
Mephistopheles,Siebel,1
Der Kater,Die Hexe,1
Der Kater,Die Tiere,1
Der Kater,Faust,1
Der Kater,Kater Und Kätzin,1
Der Kater,Mephistopheles,1
Die Hexe,Die Tiere,1
Die Hexe,Faust,1
Die Hexe,Kater Und Kätzin,1
Die Hexe,Mephistopheles,1
Die Tiere,Faust,1
Die Tiere,Kater Und Kätzin,1
Die Tiere,Mephistopheles,1
Faust,Kater Und Kätzin,1
Kater Und Kätzin,Mephistopheles,1
Faust,Margarete,6
Margarete,Mephistopheles,7
Faust,Mephistoph,1
Margarete,Mephistoph,1
Mephistoph,Mephistopheles,1
Margarete,Marthe,3
Marthe,Mephistopheles,4
Faust,Marthe,3
Gretchen,Lieschen,1
Faust,Gretchen,1
Faust,Valentin,1
Faust,Volk,1
Gretchen,Marthe,1
Gretchen,Mephistopheles,1
Gretchen,Valentin,1
Gretchen,Volk,1
Marthe,Valentin,1
Marthe,Volk,1
Mephistopheles,Valentin,1
Mephistopheles,Volk,1
Valentin,Volk,1
Böser Geist,Chor,1
Böser Geist,Gretchen,1
Chor,Gretchen,1
Andre Hälfte,Autor,1
Andre Hälfte,Beide Chöre,1
Andre Hälfte,Chor,1
Andre Hälfte,Chor Der Hexen,1
Andre Hälfte,Die Alte,1
Andre Hälfte,Die Schöne,1
Andre Hälfte,Faust,1
Andre Hälfte,General,1
Andre Hälfte,Halbhexe,1
Andre Hälfte,Hexen,1
Andre Hälfte,Hexen Im Chor,1
Andre Hälfte,Hexenmeister,1
Andre Hälfte,Irrlicht,1
Andre Hälfte,Mephistopheles,1
Andre Hälfte,Minister,1
Andre Hälfte,Parvenu,1
Andre Hälfte,Proktophantasmist,1
Andre Hälfte,Servibilis,1
Andre Hälfte,Stimme,1
Andre Hälfte,Stimmen,1
Andre Hälfte,Trödelhexe,1
Autor,Beide Chöre,1
Autor,Chor,1
Autor,Chor Der Hexen,1
Autor,Die Alte,1
Autor,Die Schöne,1
Autor,Faust,1
Autor,General,1
Autor,Halbhexe,1
Autor,Hexen,1
Autor,Hexen Im Chor,1
Autor,Hexenmeister,1
Autor,Irrlicht,1
Autor,Mephistopheles,1
Autor,Minister,1
Autor,Parvenu,1
Autor,Proktophantasmist,1
Autor,Servibilis,1
Autor,Stimme,1
Autor,Stimmen,1
Autor,Trödelhexe,1
Beide Chöre,Chor,1
Beide Chöre,Chor Der Hexen,1
Beide Chöre,Die Alte,1
Beide Chöre,Die Schöne,1
Beide Chöre,Faust,1
Beide Chöre,General,1
Beide Chöre,Halbhexe,1
Beide Chöre,Hexen,1
Beide Chöre,Hexen Im Chor,1
Beide Chöre,Hexenmeister,1
Beide Chöre,Irrlicht,1
Beide Chöre,Mephistopheles,1
Beide Chöre,Minister,1
Beide Chöre,Parvenu,1
Beide Chöre,Proktophantasmist,1
Beide Chöre,Servibilis,1
Beide Chöre,Stimme,1
Beide Chöre,Stimmen,1
Beide Chöre,Trödelhexe,1
Chor,Chor Der Hexen,1
Chor,Die Alte,1
Chor,Die Schöne,1
Chor,Faust,5
Chor,General,1
Chor,Halbhexe,1
Chor,Hexen,1
Chor,Hexen Im Chor,1
Chor,Hexenmeister,1
Chor,Irrlicht,1
Chor,Mephistopheles,2
Chor,Minister,1
Chor,Parvenu,1
Chor,Proktophantasmist,1
Chor,Servibilis,1
Chor,Stimme,1
Chor,Stimmen,1
Chor,Trödelhexe,1
Chor Der Hexen,Die Alte,1
Chor Der Hexen,Die Schöne,1
Chor Der Hexen,Faust,1
Chor Der Hexen,General,1
Chor Der Hexen,Halbhexe,1
Chor Der Hexen,Hexen,1
Chor Der Hexen,Hexen Im Chor,1
Chor Der Hexen,Hexenmeister,1
Chor Der Hexen,Irrlicht,1
Chor Der Hexen,Mephistopheles,1
Chor Der Hexen,Minister,1
Chor Der Hexen,Parvenu,1
Chor Der Hexen,Proktophantasmist,1
Chor Der Hexen,Servibilis,1
Chor Der Hexen,Stimme,1
Chor Der Hexen,Stimmen,1
Chor Der Hexen,Trödelhexe,1
Die Alte,Die Schöne,1
Die Alte,Faust,1
Die Alte,General,1
Die Alte,Halbhexe,1
Die Alte,Hexen,1
Die Alte,Hexen Im Chor,1
Die Alte,Hexenmeister,1
Die Alte,Irrlicht,1
Die Alte,Mephistopheles,1
Die Alte,Minister,1
Die Alte,Parvenu,1
Die Alte,Proktophantasmist,1
Die Alte,Servibilis,1
Die Alte,Stimme,1
Die Alte,Stimmen,1
Die Alte,Trödelhexe,1
Die Schöne,Faust,1
Die Schöne,General,1
Die Schöne,Halbhexe,1
Die Schöne,Hexen,1
Die Schöne,Hexen Im Chor,1
Die Schöne,Hexenmeister,1
Die Schöne,Irrlicht,1
Die Schöne,Mephistopheles,1
Die Schöne,Minister,1
Die Schöne,Parvenu,1
Die Schöne,Proktophantasmist,1
Die Schöne,Servibilis,1
Die Schöne,Stimme,1
Die Schöne,Stimmen,1
Die Schöne,Trödelhexe,1
Faust,General,1
Faust,Halbhexe,1
Faust,Hexen,1
Faust,Hexen Im Chor,1
Faust,Hexenmeister,1
Faust,Irrlicht,1
Faust,Minister,1
Faust,Parvenu,1
Faust,Proktophantasmist,1
Faust,Servibilis,1
Faust,Stimme,2
Faust,Stimmen,1
Faust,Trödelhexe,1
General,Halbhexe,1
General,Hexen,1
General,Hexen Im Chor,1
General,Hexenmeister,1
General,Irrlicht,1
General,Mephistopheles,1
General,Minister,1
General,Parvenu,1
General,Proktophantasmist,1
General,Servibilis,1
General,Stimme,1
General,Stimmen,1
General,Trödelhexe,1
Halbhexe,Hexen,1
Halbhexe,Hexen Im Chor,1
Halbhexe,Hexenmeister,1
Halbhexe,Irrlicht,1
Halbhexe,Mephistopheles,1
Halbhexe,Minister,1
Halbhexe,Parvenu,1
Halbhexe,Proktophantasmist,1
Halbhexe,Servibilis,1
Halbhexe,Stimme,1
Halbhexe,Stimmen,1
Halbhexe,Trödelhexe,1
Hexen,Hexen Im Chor,1
Hexen,Hexenmeister,1
Hexen,Irrlicht,1
Hexen,Mephistopheles,1
Hexen,Minister,1
Hexen,Parvenu,1
Hexen,Proktophantasmist,1
Hexen,Servibilis,1
Hexen,Stimme,1
Hexen,Stimmen,1
Hexen,Trödelhexe,1
Hexen Im Chor,Hexenmeister,1
Hexen Im Chor,Irrlicht,1
Hexen Im Chor,Mephistopheles,1
Hexen Im Chor,Minister,1
Hexen Im Chor,Parvenu,1
Hexen Im Chor,Proktophantasmist,1
Hexen Im Chor,Servibilis,1
Hexen Im Chor,Stimme,1
Hexen Im Chor,Stimmen,1
Hexen Im Chor,Trödelhexe,1
Hexenmeister,Irrlicht,1
Hexenmeister,Mephistopheles,1
Hexenmeister,Minister,1
Hexenmeister,Parvenu,1
Hexenmeister,Proktophantasmist,1
Hexenmeister,Servibilis,1
Hexenmeister,Stimme,1
Hexenmeister,Stimmen,1
Hexenmeister,Trödelhexe,1
Irrlicht,Mephistopheles,1
Irrlicht,Minister,1
Irrlicht,Parvenu,1
Irrlicht,Proktophantasmist,1
Irrlicht,Servibilis,1
Irrlicht,Stimme,1
Irrlicht,Stimmen,1
Irrlicht,Trödelhexe,1
Mephistopheles,Minister,1
Mephistopheles,Parvenu,1
Mephistopheles,Proktophantasmist,1
Mephistopheles,Servibilis,1
Mephistopheles,Stimme,2
Mephistopheles,Stimmen,1
Mephistopheles,Trödelhexe,1
Minister,Parvenu,1
Minister,Proktophantasmist,1
Minister,Servibilis,1
Minister,Stimme,1
Minister,Stimmen,1
Minister,Trödelhexe,1
Parvenu,Proktophantasmist,1
Parvenu,Servibilis,1
Parvenu,Stimme,1
Parvenu,Stimmen,1
Parvenu,Trödelhexe,1
Proktophantasmist,Servibilis,1
Proktophantasmist,Stimme,1
Proktophantasmist,Stimmen,1
Proktophantasmist,Trödelhexe,1
Servibilis,Stimme,1
Servibilis,Stimmen,1
Servibilis,Trödelhexe,1
Stimme,Stimmen,1
Stimme,Trödelhexe,1
Stimmen,Trödelhexe,1
Ariel,Die Gewandten,1
Ariel,Die Massiven,1
Ariel,Die Unbehülflichen,1
Ariel,Dogmatiker,1
Ariel,Ein Pärchen,1
Ariel,Fideler,1
Ariel,Hennings,1
Ariel,Herold,1
Ariel,Idealist,1
Ariel,Irrlichter,1
Ariel,Junge Hexe,1
Ariel,Kapellmeister,1
Ariel,Kranich,1
Ariel,Matrone,1
Ariel,Musaget,1
Ariel,Neugieriger Reisender,1
Ariel,Nordischer Künstler,1
Ariel,Oberon,1
Ariel,Orchester,1
Ariel,Orchester Tutti,1
Ariel,Orthodox,1
Ariel,Puck,1
Ariel,Purist,1
Ariel,Realist,1
Ariel,Skeptiker,1
Ariel,Solo,1
Ariel,Sternschnuppe,1
Ariel,Supernaturalist,1
Ariel,Tanzmeister,1
Ariel,Theatermeister,1
Ariel,Titania,1
Ariel,Tänzer,1
Ariel,Weltkind,1
Ariel,Windfahne,1
Ariel,Xenien,1
Die Gewandten,Die Massiven,1
Die Gewandten,Die Unbehülflichen,1
Die Gewandten,Dogmatiker,1
Die Gewandten,Ein Pärchen,1
Die Gewandten,Fideler,1
Die Gewandten,Hennings,1
Die Gewandten,Herold,1
Die Gewandten,Idealist,1
Die Gewandten,Irrlichter,1
Die Gewandten,Junge Hexe,1
Die Gewandten,Kapellmeister,1
Die Gewandten,Kranich,1
Die Gewandten,Matrone,1
Die Gewandten,Musaget,1
Die Gewandten,Neugieriger Reisender,1
Die Gewandten,Nordischer Künstler,1
Die Gewandten,Oberon,1
Die Gewandten,Orchester,1
Die Gewandten,Orchester Tutti,1
Die Gewandten,Orthodox,1
Die Gewandten,Puck,1
Die Gewandten,Purist,1
Die Gewandten,Realist,1
Die Gewandten,Skeptiker,1
Die Gewandten,Solo,1
Die Gewandten,Sternschnuppe,1
Die Gewandten,Supernaturalist,1
Die Gewandten,Tanzmeister,1
Die Gewandten,Theatermeister,1
Die Gewandten,Titania,1
Die Gewandten,Tänzer,1
Die Gewandten,Weltkind,1
Die Gewandten,Windfahne,1
Die Gewandten,Xenien,1
Die Massiven,Die Unbehülflichen,1
Die Massiven,Dogmatiker,1
Die Massiven,Ein Pärchen,1
Die Massiven,Fideler,1
Die Massiven,Hennings,1
Die Massiven,Herold,1
Die Massiven,Idealist,1
Die Massiven,Irrlichter,1
Die Massiven,Junge Hexe,1
Die Massiven,Kapellmeister,1
Die Massiven,Kranich,1
Die Massiven,Matrone,1
Die Massiven,Musaget,1
Die Massiven,Neugieriger Reisender,1
Die Massiven,Nordischer Künstler,1
Die Massiven,Oberon,1
Die Massiven,Orchester,1
Die Massiven,Orchester Tutti,1
Die Massiven,Orthodox,1
Die Massiven,Puck,1
Die Massiven,Purist,1
Die Massiven,Realist,1
Die Massiven,Skeptiker,1
Die Massiven,Solo,1
Die Massiven,Sternschnuppe,1
Die Massiven,Supernaturalist,1
Die Massiven,Tanzmeister,1
Die Massiven,Theatermeister,1
Die Massiven,Titania,1
Die Massiven,Tänzer,1
Die Massiven,Weltkind,1
Die Massiven,Windfahne,1
Die Massiven,Xenien,1
Die Unbehülflichen,Dogmatiker,1
Die Unbehülflichen,Ein Pärchen,1
Die Unbehülflichen,Fideler,1
Die Unbehülflichen,Hennings,1
Die Unbehülflichen,Herold,1
Die Unbehülflichen,Idealist,1
Die Unbehülflichen,Irrlichter,1
Die Unbehülflichen,Junge Hexe,1
Die Unbehülflichen,Kapellmeister,1
Die Unbehülflichen,Kranich,1
Die Unbehülflichen,Matrone,1
Die Unbehülflichen,Musaget,1
Die Unbehülflichen,Neugieriger Reisender,1
Die Unbehülflichen,Nordischer Künstler,1
Die Unbehülflichen,Oberon,1
Die Unbehülflichen,Orchester,1
Die Unbehülflichen,Orchester Tutti,1
Die Unbehülflichen,Orthodox,1
Die Unbehülflichen,Puck,1
Die Unbehülflichen,Purist,1
Die Unbehülflichen,Realist,1
Die Unbehülflichen,Skeptiker,1
Die Unbehülflichen,Solo,1
Die Unbehülflichen,Sternschnuppe,1
Die Unbehülflichen,Supernaturalist,1
Die Unbehülflichen,Tanzmeister,1
Die Unbehülflichen,Theatermeister,1
Die Unbehülflichen,Titania,1
Die Unbehülflichen,Tänzer,1
Die Unbehülflichen,Weltkind,1
Die Unbehülflichen,Windfahne,1
Die Unbehülflichen,Xenien,1
Dogmatiker,Ein Pärchen,1
Dogmatiker,Fideler,1
Dogmatiker,Hennings,1
Dogmatiker,Herold,1
Dogmatiker,Idealist,1
Dogmatiker,Irrlichter,1
Dogmatiker,Junge Hexe,1
Dogmatiker,Kapellmeister,1
Dogmatiker,Kranich,1
Dogmatiker,Matrone,1
Dogmatiker,Musaget,1
Dogmatiker,Neugieriger Reisender,1
Dogmatiker,Nordischer Künstler,1
Dogmatiker,Oberon,1
Dogmatiker,Orchester,1
Dogmatiker,Orchester Tutti,1
Dogmatiker,Orthodox,1
Dogmatiker,Puck,1
Dogmatiker,Purist,1
Dogmatiker,Realist,1
Dogmatiker,Skeptiker,1
Dogmatiker,Solo,1
Dogmatiker,Sternschnuppe,1
Dogmatiker,Supernaturalist,1
Dogmatiker,Tanzmeister,1
Dogmatiker,Theatermeister,1
Dogmatiker,Titania,1
Dogmatiker,Tänzer,1
Dogmatiker,Weltkind,1
Dogmatiker,Windfahne,1
Dogmatiker,Xenien,1
Ein Pärchen,Fideler,1
Ein Pärchen,Hennings,1
Ein Pärchen,Herold,1
Ein Pärchen,Idealist,1
Ein Pärchen,Irrlichter,1
Ein Pärchen,Junge Hexe,1
Ein Pärchen,Kapellmeister,1
Ein Pärchen,Kranich,1
Ein Pärchen,Matrone,1
Ein Pärchen,Musaget,1
Ein Pärchen,Neugieriger Reisender,1
Ein Pärchen,Nordischer Künstler,1
Ein Pärchen,Oberon,1
Ein Pärchen,Orchester,1
Ein Pärchen,Orchester Tutti,1
Ein Pärchen,Orthodox,1
Ein Pärchen,Puck,1
Ein Pärchen,Purist,1
Ein Pärchen,Realist,1
Ein Pärchen,Skeptiker,1
Ein Pärchen,Solo,1
Ein Pärchen,Sternschnuppe,1
Ein Pärchen,Supernaturalist,1
Ein Pärchen,Tanzmeister,1
Ein Pärchen,Theatermeister,1
Ein Pärchen,Titania,1
Ein Pärchen,Tänzer,1
Ein Pärchen,Weltkind,1
Ein Pärchen,Windfahne,1
Ein Pärchen,Xenien,1
Fideler,Hennings,1
Fideler,Herold,1
Fideler,Idealist,1
Fideler,Irrlichter,1
Fideler,Junge Hexe,1
Fideler,Kapellmeister,1
Fideler,Kranich,1
Fideler,Matrone,1
Fideler,Musaget,1
Fideler,Neugieriger Reisender,1
Fideler,Nordischer Künstler,1
Fideler,Oberon,1
Fideler,Orchester,1
Fideler,Orchester Tutti,1
Fideler,Orthodox,1
Fideler,Puck,1
Fideler,Purist,1
Fideler,Realist,1
Fideler,Skeptiker,1
Fideler,Solo,1
Fideler,Sternschnuppe,1
Fideler,Supernaturalist,1
Fideler,Tanzmeister,1
Fideler,Theatermeister,1
Fideler,Titania,1
Fideler,Tänzer,1
Fideler,Weltkind,1
Fideler,Windfahne,1
Fideler,Xenien,1
Hennings,Herold,1
Hennings,Idealist,1
Hennings,Irrlichter,1
Hennings,Junge Hexe,1
Hennings,Kapellmeister,1
Hennings,Kranich,1
Hennings,Matrone,1
Hennings,Musaget,1
Hennings,Neugieriger Reisender,1
Hennings,Nordischer Künstler,1
Hennings,Oberon,1
Hennings,Orchester,1
Hennings,Orchester Tutti,1
Hennings,Orthodox,1
Hennings,Puck,1
Hennings,Purist,1
Hennings,Realist,1
Hennings,Skeptiker,1
Hennings,Solo,1
Hennings,Sternschnuppe,1
Hennings,Supernaturalist,1
Hennings,Tanzmeister,1
Hennings,Theatermeister,1
Hennings,Titania,1
Hennings,Tänzer,1
Hennings,Weltkind,1
Hennings,Windfahne,1
Hennings,Xenien,1
Herold,Idealist,1
Herold,Irrlichter,1
Herold,Junge Hexe,1
Herold,Kapellmeister,1
Herold,Kranich,1
Herold,Matrone,1
Herold,Musaget,1
Herold,Neugieriger Reisender,1
Herold,Nordischer Künstler,1
Herold,Oberon,1
Herold,Orchester,1
Herold,Orchester Tutti,1
Herold,Orthodox,1
Herold,Puck,1
Herold,Purist,1
Herold,Realist,1
Herold,Skeptiker,1
Herold,Solo,1
Herold,Sternschnuppe,1
Herold,Supernaturalist,1
Herold,Tanzmeister,1
Herold,Theatermeister,1
Herold,Titania,1
Herold,Tänzer,1
Herold,Weltkind,1
Herold,Windfahne,1
Herold,Xenien,1
Idealist,Irrlichter,1
Idealist,Junge Hexe,1
Idealist,Kapellmeister,1
Idealist,Kranich,1
Idealist,Matrone,1
Idealist,Musaget,1
Idealist,Neugieriger Reisender,1
Idealist,Nordischer Künstler,1
Idealist,Oberon,1
Idealist,Orchester,1
Idealist,Orchester Tutti,1
Idealist,Orthodox,1
Idealist,Puck,1
Idealist,Purist,1
Idealist,Realist,1
Idealist,Skeptiker,1
Idealist,Solo,1
Idealist,Sternschnuppe,1
Idealist,Supernaturalist,1
Idealist,Tanzmeister,1
Idealist,Theatermeister,1
Idealist,Titania,1
Idealist,Tänzer,1
Idealist,Weltkind,1
Idealist,Windfahne,1
Idealist,Xenien,1
Irrlichter,Junge Hexe,1
Irrlichter,Kapellmeister,1
Irrlichter,Kranich,1
Irrlichter,Matrone,1
Irrlichter,Musaget,1
Irrlichter,Neugieriger Reisender,1
Irrlichter,Nordischer Künstler,1
Irrlichter,Oberon,1
Irrlichter,Orchester,1
Irrlichter,Orchester Tutti,1
Irrlichter,Orthodox,1
Irrlichter,Puck,1
Irrlichter,Purist,1
Irrlichter,Realist,1
Irrlichter,Skeptiker,1
Irrlichter,Solo,1
Irrlichter,Sternschnuppe,1
Irrlichter,Supernaturalist,1
Irrlichter,Tanzmeister,1
Irrlichter,Theatermeister,1
Irrlichter,Titania,1
Irrlichter,Tänzer,1
Irrlichter,Weltkind,1
Irrlichter,Windfahne,1
Irrlichter,Xenien,1
Junge Hexe,Kapellmeister,1
Junge Hexe,Kranich,1
Junge Hexe,Matrone,1
Junge Hexe,Musaget,1
Junge Hexe,Neugieriger Reisender,1
Junge Hexe,Nordischer Künstler,1
Junge Hexe,Oberon,1
Junge Hexe,Orchester,1
Junge Hexe,Orchester Tutti,1
Junge Hexe,Orthodox,1
Junge Hexe,Puck,1
Junge Hexe,Purist,1
Junge Hexe,Realist,1
Junge Hexe,Skeptiker,1
Junge Hexe,Solo,1
Junge Hexe,Sternschnuppe,1
Junge Hexe,Supernaturalist,1
Junge Hexe,Tanzmeister,1
Junge Hexe,Theatermeister,1
Junge Hexe,Titania,1
Junge Hexe,Tänzer,1
Junge Hexe,Weltkind,1
Junge Hexe,Windfahne,1
Junge Hexe,Xenien,1
Kapellmeister,Kranich,1
Kapellmeister,Matrone,1
Kapellmeister,Musaget,1
Kapellmeister,Neugieriger Reisender,1
Kapellmeister,Nordischer Künstler,1
Kapellmeister,Oberon,1
Kapellmeister,Orchester,1
Kapellmeister,Orchester Tutti,1
Kapellmeister,Orthodox,1
Kapellmeister,Puck,1
Kapellmeister,Purist,1
Kapellmeister,Realist,1
Kapellmeister,Skeptiker,1
Kapellmeister,Solo,1
Kapellmeister,Sternschnuppe,1
Kapellmeister,Supernaturalist,1
Kapellmeister,Tanzmeister,1
Kapellmeister,Theatermeister,1
Kapellmeister,Titania,1
Kapellmeister,Tänzer,1
Kapellmeister,Weltkind,1
Kapellmeister,Windfahne,1
Kapellmeister,Xenien,1
Kranich,Matrone,1
Kranich,Musaget,1
Kranich,Neugieriger Reisender,1
Kranich,Nordischer Künstler,1
Kranich,Oberon,1
Kranich,Orchester,1
Kranich,Orchester Tutti,1
Kranich,Orthodox,1
Kranich,Puck,1
Kranich,Purist,1
Kranich,Realist,1
Kranich,Skeptiker,1
Kranich,Solo,1
Kranich,Sternschnuppe,1
Kranich,Supernaturalist,1
Kranich,Tanzmeister,1
Kranich,Theatermeister,1
Kranich,Titania,1
Kranich,Tänzer,1
Kranich,Weltkind,1
Kranich,Windfahne,1
Kranich,Xenien,1
Matrone,Musaget,1
Matrone,Neugieriger Reisender,1
Matrone,Nordischer Künstler,1
Matrone,Oberon,1
Matrone,Orchester,1
Matrone,Orchester Tutti,1
Matrone,Orthodox,1
Matrone,Puck,1
Matrone,Purist,1
Matrone,Realist,1
Matrone,Skeptiker,1
Matrone,Solo,1
Matrone,Sternschnuppe,1
Matrone,Supernaturalist,1
Matrone,Tanzmeister,1
Matrone,Theatermeister,1
Matrone,Titania,1
Matrone,Tänzer,1
Matrone,Weltkind,1
Matrone,Windfahne,1
Matrone,Xenien,1
Musaget,Neugieriger Reisender,1
Musaget,Nordischer Künstler,1
Musaget,Oberon,1
Musaget,Orchester,1
Musaget,Orchester Tutti,1
Musaget,Orthodox,1
Musaget,Puck,1
Musaget,Purist,1
Musaget,Realist,1
Musaget,Skeptiker,1
Musaget,Solo,1
Musaget,Sternschnuppe,1
Musaget,Supernaturalist,1
Musaget,Tanzmeister,1
Musaget,Theatermeister,1
Musaget,Titania,1
Musaget,Tänzer,1
Musaget,Weltkind,1
Musaget,Windfahne,1
Musaget,Xenien,1
Neugieriger Reisender,Nordischer Künstler,1
Neugieriger Reisender,Oberon,1
Neugieriger Reisender,Orchester,1
Neugieriger Reisender,Orchester Tutti,1
Neugieriger Reisender,Orthodox,1
Neugieriger Reisender,Puck,1
Neugieriger Reisender,Purist,1
Neugieriger Reisender,Realist,1
Neugieriger Reisender,Skeptiker,1
Neugieriger Reisender,Solo,1
Neugieriger Reisender,Sternschnuppe,1
Neugieriger Reisender,Supernaturalist,1
Neugieriger Reisender,Tanzmeister,1
Neugieriger Reisender,Theatermeister,1
Neugieriger Reisender,Titania,1
Neugieriger Reisender,Tänzer,1
Neugieriger Reisender,Weltkind,1
Neugieriger Reisender,Windfahne,1
Neugieriger Reisender,Xenien,1
Nordischer Künstler,Oberon,1
Nordischer Künstler,Orchester,1
Nordischer Künstler,Orchester Tutti,1
Nordischer Künstler,Orthodox,1
Nordischer Künstler,Puck,1
Nordischer Künstler,Purist,1
Nordischer Künstler,Realist,1
Nordischer Künstler,Skeptiker,1
Nordischer Künstler,Solo,1
Nordischer Künstler,Sternschnuppe,1
Nordischer Künstler,Supernaturalist,1
Nordischer Künstler,Tanzmeister,1
Nordischer Künstler,Theatermeister,1
Nordischer Künstler,Titania,1
Nordischer Künstler,Tänzer,1
Nordischer Künstler,Weltkind,1
Nordischer Künstler,Windfahne,1
Nordischer Künstler,Xenien,1
Oberon,Orchester,1
Oberon,Orchester Tutti,1
Oberon,Orthodox,1
Oberon,Puck,1
Oberon,Purist,1
Oberon,Realist,1
Oberon,Skeptiker,1
Oberon,Solo,1
Oberon,Sternschnuppe,1
Oberon,Supernaturalist,1
Oberon,Tanzmeister,1
Oberon,Theatermeister,1
Oberon,Titania,1
Oberon,Tänzer,1
Oberon,Weltkind,1
Oberon,Windfahne,1
Oberon,Xenien,1
Orchester,Orchester Tutti,1
Orchester,Orthodox,1
Orchester,Puck,1
Orchester,Purist,1
Orchester,Realist,1
Orchester,Skeptiker,1
Orchester,Solo,1
Orchester,Sternschnuppe,1
Orchester,Supernaturalist,1
Orchester,Tanzmeister,1
Orchester,Theatermeister,1
Orchester,Titania,1
Orchester,Tänzer,1
Orchester,Weltkind,1
Orchester,Windfahne,1
Orchester,Xenien,1
Orchester Tutti,Orthodox,1
Orchester Tutti,Puck,1
Orchester Tutti,Purist,1
Orchester Tutti,Realist,1
Orchester Tutti,Skeptiker,1
Orchester Tutti,Solo,1
Orchester Tutti,Sternschnuppe,1
Orchester Tutti,Supernaturalist,1
Orchester Tutti,Tanzmeister,1
Orchester Tutti,Theatermeister,1
Orchester Tutti,Titania,1
Orchester Tutti,Tänzer,1
Orchester Tutti,Weltkind,1
Orchester Tutti,Windfahne,1
Orchester Tutti,Xenien,1
Orthodox,Puck,1
Orthodox,Purist,1
Orthodox,Realist,1
Orthodox,Skeptiker,1
Orthodox,Solo,1
Orthodox,Sternschnuppe,1
Orthodox,Supernaturalist,1
Orthodox,Tanzmeister,1
Orthodox,Theatermeister,1
Orthodox,Titania,1
Orthodox,Tänzer,1
Orthodox,Weltkind,1
Orthodox,Windfahne,1
Orthodox,Xenien,1
Puck,Purist,1
Puck,Realist,1
Puck,Skeptiker,1
Puck,Solo,1
Puck,Sternschnuppe,1
Puck,Supernaturalist,1
Puck,Tanzmeister,1
Puck,Theatermeister,1
Puck,Titania,1
Puck,Tänzer,1
Puck,Weltkind,1
Puck,Windfahne,1
Puck,Xenien,1
Purist,Realist,1
Purist,Skeptiker,1
Purist,Solo,1
Purist,Sternschnuppe,1
Purist,Supernaturalist,1
Purist,Tanzmeister,1
Purist,Theatermeister,1
Purist,Titania,1
Purist,Tänzer,1
Purist,Weltkind,1
Purist,Windfahne,1
Purist,Xenien,1
Realist,Skeptiker,1
Realist,Solo,1
Realist,Sternschnuppe,1
Realist,Supernaturalist,1
Realist,Tanzmeister,1
Realist,Theatermeister,1
Realist,Titania,1
Realist,Tänzer,1
Realist,Weltkind,1
Realist,Windfahne,1
Realist,Xenien,1
Skeptiker,Solo,1
Skeptiker,Sternschnuppe,1
Skeptiker,Supernaturalist,1
Skeptiker,Tanzmeister,1
Skeptiker,Theatermeister,1
Skeptiker,Titania,1
Skeptiker,Tänzer,1
Skeptiker,Weltkind,1
Skeptiker,Windfahne,1
Skeptiker,Xenien,1
Solo,Sternschnuppe,1
Solo,Supernaturalist,1
Solo,Tanzmeister,1
Solo,Theatermeister,1
Solo,Titania,1
Solo,Tänzer,1
Solo,Weltkind,1
Solo,Windfahne,1
Solo,Xenien,1
Sternschnuppe,Supernaturalist,1
Sternschnuppe,Tanzmeister,1
Sternschnuppe,Theatermeister,1
Sternschnuppe,Titania,1
Sternschnuppe,Tänzer,1
Sternschnuppe,Weltkind,1
Sternschnuppe,Windfahne,1
Sternschnuppe,Xenien,1
Supernaturalist,Tanzmeister,1
Supernaturalist,Theatermeister,1
Supernaturalist,Titania,1
Supernaturalist,Tänzer,1
Supernaturalist,Weltkind,1
Supernaturalist,Windfahne,1
Supernaturalist,Xenien,1
Tanzmeister,Theatermeister,1
Tanzmeister,Titania,1
Tanzmeister,Tänzer,1
Tanzmeister,Weltkind,1
Tanzmeister,Windfahne,1
Tanzmeister,Xenien,1
Theatermeister,Titania,1
Theatermeister,Tänzer,1
Theatermeister,Weltkind,1
Theatermeister,Windfahne,1
Theatermeister,Xenien,1
Titania,Tänzer,1
Titania,Weltkind,1
Titania,Windfahne,1
Titania,Xenien,1
Tänzer,Weltkind,1
Tänzer,Windfahne,1
Tänzer,Xenien,1
Weltkind,Windfahne,1
Weltkind,Xenien,1
Windfahne,Xenien,1
Margarete,Stimme,1
Ariel,Chor,1
Ariel,Faust,1
Astrolog,Gemurmel,1
Astrolog,Gemurmel Der Menge,1
Astrolog,Heermeister,1
Astrolog,Junker,1
Astrolog,Kaiser,1
Astrolog,Kanzler,1
Astrolog,Marschalk,1
Astrolog,Marschall,1
Astrolog,Mephistopheles,2
Astrolog,Schatzmeister,1
Astrolog,Zweiter Junker,1
Gemurmel,Gemurmel Der Menge,1
Gemurmel,Heermeister,1
Gemurmel,Junker,1
Gemurmel,Kaiser,1
Gemurmel,Kanzler,1
Gemurmel,Marschalk,1
Gemurmel,Marschall,1
Gemurmel,Mephistopheles,1
Gemurmel,Schatzmeister,1
Gemurmel,Zweiter Junker,1
Gemurmel Der Menge,Heermeister,1
Gemurmel Der Menge,Junker,1
Gemurmel Der Menge,Kaiser,1
Gemurmel Der Menge,Kanzler,1
Gemurmel Der Menge,Marschalk,1
Gemurmel Der Menge,Marschall,1
Gemurmel Der Menge,Mephistopheles,1
Gemurmel Der Menge,Schatzmeister,1
Gemurmel Der Menge,Zweiter Junker,1
Heermeister,Junker,1
Heermeister,Kaiser,2
Heermeister,Kanzler,2
Heermeister,Marschalk,2
Heermeister,Marschall,1
Heermeister,Mephistopheles,2
Heermeister,Schatzmeister,2
Heermeister,Zweiter Junker,1
Junker,Kaiser,1
Junker,Kanzler,1
Junker,Marschalk,1
Junker,Marschall,1
Junker,Mephistopheles,1
Junker,Schatzmeister,1
Junker,Zweiter Junker,1
Kaiser,Kanzler,2
Kaiser,Marschalk,2
Kaiser,Marschall,1
Kaiser,Mephistopheles,3
Kaiser,Schatzmeister,2
Kaiser,Zweiter Junker,1
Kanzler,Marschalk,2
Kanzler,Marschall,1
Kanzler,Mephistopheles,2
Kanzler,Schatzmeister,2
Kanzler,Zweiter Junker,1
Marschalk,Marschall,1
Marschalk,Mephistopheles,3
Marschalk,Schatzmeister,2
Marschalk,Zweiter Junker,1
Marschall,Mephistopheles,1
Marschall,Schatzmeister,1
Marschall,Zweiter Junker,1
Mephistopheles,Schatzmeister,2
Mephistopheles,Zweiter Junker,1
Schatzmeister,Zweiter Junker,1
Aglaia,Alekto,1
Aglaia,Atropos,1
Aglaia,Chor,1
Aglaia,Deputation Der Gnomen,1
Aglaia,Der Abgemagerte,1
Aglaia,Euphrosyne,1
Aglaia,Faunen,1
Aglaia,Furcht,1
Aglaia,Geiz,1
Aglaia,Gemurmel,1
Aglaia,Geschrei Und Gedräng,1
Aglaia,Getümmel Und Gesang,1
Aglaia,Gnomen,1
Aglaia,Gärtner,1
Aglaia,Gärtnerinnen,1
Aglaia,Hauptweib,1
Aglaia,Hegemone,1
Aglaia,Herold,1
Aglaia,Hoffnung,1
Aglaia,Holzhauer,1
Aglaia,Klotho,1
Aglaia,Klugheit,1
Aglaia,Knabe Lenker,1
Aglaia,Knabe Wagenlenker,1
Aglaia,Lachesis,1
Aglaia,Megära,1
Aglaia,Mutter,1
Aglaia,Nymphen Im Chor,1
Aglaia,Olivenzweig Mit Früchten,1
Aglaia,Parasiten,1
Aglaia,Phantasiekranz,1
Aglaia,Phantasiestrauss,1
Aglaia,Plutus,1
Aglaia,Pulcinelle,1
Aglaia,Riesen,1
Aglaia,Rosenknospen,1
Aglaia,Satiriker,1
Aglaia,Satyr,1
Aglaia,Tisiphone,1
Aglaia,Trunkner,1
Aglaia,Wechselgeschrei Der Menge,1
Aglaia,Weiber In Masse,1
Aglaia,Weibergeklatsch,1
Aglaia,Wildgesang,1
Aglaia,Ährenkranz,1
Alekto,Atropos,1
Alekto,Chor,1
Alekto,Deputation Der Gnomen,1
Alekto,Der Abgemagerte,1
Alekto,Euphrosyne,1
Alekto,Faunen,1
Alekto,Furcht,1
Alekto,Geiz,1
Alekto,Gemurmel,1
Alekto,Geschrei Und Gedräng,1
Alekto,Getümmel Und Gesang,1
Alekto,Gnomen,1
Alekto,Gärtner,1
Alekto,Gärtnerinnen,1
Alekto,Hauptweib,1
Alekto,Hegemone,1
Alekto,Herold,1
Alekto,Hoffnung,1
Alekto,Holzhauer,1
Alekto,Klotho,1
Alekto,Klugheit,1
Alekto,Knabe Lenker,1
Alekto,Knabe Wagenlenker,1
Alekto,Lachesis,1
Alekto,Megära,1
Alekto,Mutter,1
Alekto,Nymphen Im Chor,1
Alekto,Olivenzweig Mit Früchten,1
Alekto,Parasiten,1
Alekto,Phantasiekranz,1
Alekto,Phantasiestrauss,1
Alekto,Plutus,1
Alekto,Pulcinelle,1
Alekto,Riesen,1
Alekto,Rosenknospen,1
Alekto,Satiriker,1
Alekto,Satyr,1
Alekto,Tisiphone,1
Alekto,Trunkner,1
Alekto,Wechselgeschrei Der Menge,1
Alekto,Weiber In Masse,1
Alekto,Weibergeklatsch,1
Alekto,Wildgesang,1
Alekto,Ährenkranz,1
Atropos,Chor,1
Atropos,Deputation Der Gnomen,1
Atropos,Der Abgemagerte,1
Atropos,Euphrosyne,1
Atropos,Faunen,1
Atropos,Furcht,1
Atropos,Geiz,1
Atropos,Gemurmel,1
Atropos,Geschrei Und Gedräng,1
Atropos,Getümmel Und Gesang,1
Atropos,Gnomen,1
Atropos,Gärtner,1
Atropos,Gärtnerinnen,1
Atropos,Hauptweib,1
Atropos,Hegemone,1
Atropos,Herold,1
Atropos,Hoffnung,1
Atropos,Holzhauer,1
Atropos,Klotho,1
Atropos,Klugheit,1
Atropos,Knabe Lenker,1
Atropos,Knabe Wagenlenker,1
Atropos,Lachesis,1
Atropos,Megära,1
Atropos,Mutter,1
Atropos,Nymphen Im Chor,1
Atropos,Olivenzweig Mit Früchten,1
Atropos,Parasiten,1
Atropos,Phantasiekranz,1
Atropos,Phantasiestrauss,1
Atropos,Plutus,1
Atropos,Pulcinelle,1
Atropos,Riesen,1
Atropos,Rosenknospen,1
Atropos,Satiriker,1
Atropos,Satyr,1
Atropos,Tisiphone,1
Atropos,Trunkner,1
Atropos,Wechselgeschrei Der Menge,1
Atropos,Weiber In Masse,1
Atropos,Weibergeklatsch,1
Atropos,Wildgesang,1
Atropos,Ährenkranz,1
Chor,Deputation Der Gnomen,1
Chor,Der Abgemagerte,1
Chor,Euphrosyne,1
Chor,Faunen,1
Chor,Furcht,1
Chor,Geiz,1
Chor,Gemurmel,1
Chor,Geschrei Und Gedräng,1
Chor,Getümmel Und Gesang,1
Chor,Gnomen,1
Chor,Gärtner,1
Chor,Gärtnerinnen,1
Chor,Hauptweib,1
Chor,Hegemone,1
Chor,Herold,1
Chor,Hoffnung,1
Chor,Holzhauer,1
Chor,Klotho,1
Chor,Klugheit,1
Chor,Knabe Lenker,1
Chor,Knabe Wagenlenker,1
Chor,Lachesis,1
Chor,Megära,1
Chor,Mutter,1
Chor,Nymphen Im Chor,1
Chor,Olivenzweig Mit Früchten,1
Chor,Parasiten,1
Chor,Phantasiekranz,1
Chor,Phantasiestrauss,1
Chor,Plutus,1
Chor,Pulcinelle,1
Chor,Riesen,1
Chor,Rosenknospen,1
Chor,Satiriker,1
Chor,Satyr,1
Chor,Tisiphone,1
Chor,Trunkner,1
Chor,Wechselgeschrei Der Menge,1
Chor,Weiber In Masse,1
Chor,Weibergeklatsch,1
Chor,Wildgesang,1
Chor,Ährenkranz,1
Deputation Der Gnomen,Der Abgemagerte,1
Deputation Der Gnomen,Euphrosyne,1
Deputation Der Gnomen,Faunen,1
Deputation Der Gnomen,Furcht,1
Deputation Der Gnomen,Geiz,1
Deputation Der Gnomen,Gemurmel,1
Deputation Der Gnomen,Geschrei Und Gedräng,1
Deputation Der Gnomen,Getümmel Und Gesang,1
Deputation Der Gnomen,Gnomen,1
Deputation Der Gnomen,Gärtner,1
Deputation Der Gnomen,Gärtnerinnen,1
Deputation Der Gnomen,Hauptweib,1
Deputation Der Gnomen,Hegemone,1
Deputation Der Gnomen,Herold,1
Deputation Der Gnomen,Hoffnung,1
Deputation Der Gnomen,Holzhauer,1
Deputation Der Gnomen,Klotho,1
Deputation Der Gnomen,Klugheit,1
Deputation Der Gnomen,Knabe Lenker,1
Deputation Der Gnomen,Knabe Wagenlenker,1
Deputation Der Gnomen,Lachesis,1
Deputation Der Gnomen,Megära,1
Deputation Der Gnomen,Mutter,1
Deputation Der Gnomen,Nymphen Im Chor,1
Deputation Der Gnomen,Olivenzweig Mit Früchten,1
Deputation Der Gnomen,Parasiten,1
Deputation Der Gnomen,Phantasiekranz,1
Deputation Der Gnomen,Phantasiestrauss,1
Deputation Der Gnomen,Plutus,1
Deputation Der Gnomen,Pulcinelle,1
Deputation Der Gnomen,Riesen,1
Deputation Der Gnomen,Rosenknospen,1
Deputation Der Gnomen,Satiriker,1
Deputation Der Gnomen,Satyr,1
Deputation Der Gnomen,Tisiphone,1
Deputation Der Gnomen,Trunkner,1
Deputation Der Gnomen,Wechselgeschrei Der Menge,1
Deputation Der Gnomen,Weiber In Masse,1
Deputation Der Gnomen,Weibergeklatsch,1
Deputation Der Gnomen,Wildgesang,1
Deputation Der Gnomen,Ährenkranz,1
Der Abgemagerte,Euphrosyne,1
Der Abgemagerte,Faunen,1
Der Abgemagerte,Furcht,1
Der Abgemagerte,Geiz,1
Der Abgemagerte,Gemurmel,1
Der Abgemagerte,Geschrei Und Gedräng,1
Der Abgemagerte,Getümmel Und Gesang,1
Der Abgemagerte,Gnomen,1
Der Abgemagerte,Gärtner,1
Der Abgemagerte,Gärtnerinnen,1
Der Abgemagerte,Hauptweib,1
Der Abgemagerte,Hegemone,1
Der Abgemagerte,Herold,1
Der Abgemagerte,Hoffnung,1
Der Abgemagerte,Holzhauer,1
Der Abgemagerte,Klotho,1
Der Abgemagerte,Klugheit,1
Der Abgemagerte,Knabe Lenker,1
Der Abgemagerte,Knabe Wagenlenker,1
Der Abgemagerte,Lachesis,1
Der Abgemagerte,Megära,1
Der Abgemagerte,Mutter,1
Der Abgemagerte,Nymphen Im Chor,1
Der Abgemagerte,Olivenzweig Mit Früchten,1
Der Abgemagerte,Parasiten,1
Der Abgemagerte,Phantasiekranz,1
Der Abgemagerte,Phantasiestrauss,1
Der Abgemagerte,Plutus,1
Der Abgemagerte,Pulcinelle,1
Der Abgemagerte,Riesen,1
Der Abgemagerte,Rosenknospen,1
Der Abgemagerte,Satiriker,1
Der Abgemagerte,Satyr,1
Der Abgemagerte,Tisiphone,1
Der Abgemagerte,Trunkner,1
Der Abgemagerte,Wechselgeschrei Der Menge,1
Der Abgemagerte,Weiber In Masse,1
Der Abgemagerte,Weibergeklatsch,1
Der Abgemagerte,Wildgesang,1
Der Abgemagerte,Ährenkranz,1
Euphrosyne,Faunen,1
Euphrosyne,Furcht,1
Euphrosyne,Geiz,1
Euphrosyne,Gemurmel,1
Euphrosyne,Geschrei Und Gedräng,1
Euphrosyne,Getümmel Und Gesang,1
Euphrosyne,Gnomen,1
Euphrosyne,Gärtner,1
Euphrosyne,Gärtnerinnen,1
Euphrosyne,Hauptweib,1
Euphrosyne,Hegemone,1
Euphrosyne,Herold,1
Euphrosyne,Hoffnung,1
Euphrosyne,Holzhauer,1
Euphrosyne,Klotho,1
Euphrosyne,Klugheit,1
Euphrosyne,Knabe Lenker,1
Euphrosyne,Knabe Wagenlenker,1
Euphrosyne,Lachesis,1
Euphrosyne,Megära,1
Euphrosyne,Mutter,1
Euphrosyne,Nymphen Im Chor,1
Euphrosyne,Olivenzweig Mit Früchten,1
Euphrosyne,Parasiten,1
Euphrosyne,Phantasiekranz,1
Euphrosyne,Phantasiestrauss,1
Euphrosyne,Plutus,1
Euphrosyne,Pulcinelle,1
Euphrosyne,Riesen,1
Euphrosyne,Rosenknospen,1
Euphrosyne,Satiriker,1
Euphrosyne,Satyr,1
Euphrosyne,Tisiphone,1
Euphrosyne,Trunkner,1
Euphrosyne,Wechselgeschrei Der Menge,1
Euphrosyne,Weiber In Masse,1
Euphrosyne,Weibergeklatsch,1
Euphrosyne,Wildgesang,1
Euphrosyne,Ährenkranz,1
Faunen,Furcht,1
Faunen,Geiz,1
Faunen,Gemurmel,1
Faunen,Geschrei Und Gedräng,1
Faunen,Getümmel Und Gesang,1
Faunen,Gnomen,1
Faunen,Gärtner,1
Faunen,Gärtnerinnen,1
Faunen,Hauptweib,1
Faunen,Hegemone,1
Faunen,Herold,1
Faunen,Hoffnung,1
Faunen,Holzhauer,1
Faunen,Klotho,1
Faunen,Klugheit,1
Faunen,Knabe Lenker,1
Faunen,Knabe Wagenlenker,1
Faunen,Lachesis,1
Faunen,Megära,1
Faunen,Mutter,1
Faunen,Nymphen Im Chor,1
Faunen,Olivenzweig Mit Früchten,1
Faunen,Parasiten,1
Faunen,Phantasiekranz,1
Faunen,Phantasiestrauss,1
Faunen,Plutus,1
Faunen,Pulcinelle,1
Faunen,Riesen,1
Faunen,Rosenknospen,1
Faunen,Satiriker,1
Faunen,Satyr,1
Faunen,Tisiphone,1
Faunen,Trunkner,1
Faunen,Wechselgeschrei Der Menge,1
Faunen,Weiber In Masse,1
Faunen,Weibergeklatsch,1
Faunen,Wildgesang,1
Faunen,Ährenkranz,1
Furcht,Geiz,1
Furcht,Gemurmel,1
Furcht,Geschrei Und Gedräng,1
Furcht,Getümmel Und Gesang,1
Furcht,Gnomen,1
Furcht,Gärtner,1
Furcht,Gärtnerinnen,1
Furcht,Hauptweib,1
Furcht,Hegemone,1
Furcht,Herold,1
Furcht,Hoffnung,1
Furcht,Holzhauer,1
Furcht,Klotho,1
Furcht,Klugheit,1
Furcht,Knabe Lenker,1
Furcht,Knabe Wagenlenker,1
Furcht,Lachesis,1
Furcht,Megära,1
Furcht,Mutter,1
Furcht,Nymphen Im Chor,1
Furcht,Olivenzweig Mit Früchten,1
Furcht,Parasiten,1
Furcht,Phantasiekranz,1
Furcht,Phantasiestrauss,1
Furcht,Plutus,1
Furcht,Pulcinelle,1
Furcht,Riesen,1
Furcht,Rosenknospen,1
Furcht,Satiriker,1
Furcht,Satyr,1
Furcht,Tisiphone,1
Furcht,Trunkner,1
Furcht,Wechselgeschrei Der Menge,1
Furcht,Weiber In Masse,1
Furcht,Weibergeklatsch,1
Furcht,Wildgesang,1
Furcht,Ährenkranz,1
Geiz,Gemurmel,1
Geiz,Geschrei Und Gedräng,1
Geiz,Getümmel Und Gesang,1
Geiz,Gnomen,1
Geiz,Gärtner,1
Geiz,Gärtnerinnen,1
Geiz,Hauptweib,1
Geiz,Hegemone,1
Geiz,Herold,1
Geiz,Hoffnung,1
Geiz,Holzhauer,1
Geiz,Klotho,1
Geiz,Klugheit,1
Geiz,Knabe Lenker,1
Geiz,Knabe Wagenlenker,1
Geiz,Lachesis,1
Geiz,Megära,1
Geiz,Mutter,1
Geiz,Nymphen Im Chor,1
Geiz,Olivenzweig Mit Früchten,1
Geiz,Parasiten,1
Geiz,Phantasiekranz,1
Geiz,Phantasiestrauss,1
Geiz,Plutus,1
Geiz,Pulcinelle,1
Geiz,Riesen,1
Geiz,Rosenknospen,1
Geiz,Satiriker,1
Geiz,Satyr,1
Geiz,Tisiphone,1
Geiz,Trunkner,1
Geiz,Wechselgeschrei Der Menge,1
Geiz,Weiber In Masse,1
Geiz,Weibergeklatsch,1
Geiz,Wildgesang,1
Geiz,Ährenkranz,1
Gemurmel,Geschrei Und Gedräng,1
Gemurmel,Getümmel Und Gesang,1
Gemurmel,Gnomen,1
Gemurmel,Gärtner,1
Gemurmel,Gärtnerinnen,1
Gemurmel,Hauptweib,1
Gemurmel,Hegemone,1
Gemurmel,Herold,1
Gemurmel,Hoffnung,1
Gemurmel,Holzhauer,1
Gemurmel,Klotho,1
Gemurmel,Klugheit,1
Gemurmel,Knabe Lenker,1
Gemurmel,Knabe Wagenlenker,1
Gemurmel,Lachesis,1
Gemurmel,Megära,1
Gemurmel,Mutter,1
Gemurmel,Nymphen Im Chor,1
Gemurmel,Olivenzweig Mit Früchten,1
Gemurmel,Parasiten,1
Gemurmel,Phantasiekranz,1
Gemurmel,Phantasiestrauss,1
Gemurmel,Plutus,1
Gemurmel,Pulcinelle,1
Gemurmel,Riesen,1
Gemurmel,Rosenknospen,1
Gemurmel,Satiriker,1
Gemurmel,Satyr,1
Gemurmel,Tisiphone,1
Gemurmel,Trunkner,1
Gemurmel,Wechselgeschrei Der Menge,1
Gemurmel,Weiber In Masse,1
Gemurmel,Weibergeklatsch,1
Gemurmel,Wildgesang,1
Gemurmel,Ährenkranz,1
Geschrei Und Gedräng,Getümmel Und Gesang,1
Geschrei Und Gedräng,Gnomen,1
Geschrei Und Gedräng,Gärtner,1
Geschrei Und Gedräng,Gärtnerinnen,1
Geschrei Und Gedräng,Hauptweib,1
Geschrei Und Gedräng,Hegemone,1
Geschrei Und Gedräng,Herold,1
Geschrei Und Gedräng,Hoffnung,1
Geschrei Und Gedräng,Holzhauer,1
Geschrei Und Gedräng,Klotho,1
Geschrei Und Gedräng,Klugheit,1
Geschrei Und Gedräng,Knabe Lenker,1
Geschrei Und Gedräng,Knabe Wagenlenker,1
Geschrei Und Gedräng,Lachesis,1
Geschrei Und Gedräng,Megära,1
Geschrei Und Gedräng,Mutter,1
Geschrei Und Gedräng,Nymphen Im Chor,1
Geschrei Und Gedräng,Olivenzweig Mit Früchten,1
Geschrei Und Gedräng,Parasiten,1
Geschrei Und Gedräng,Phantasiekranz,1
Geschrei Und Gedräng,Phantasiestrauss,1
Geschrei Und Gedräng,Plutus,1
Geschrei Und Gedräng,Pulcinelle,1
Geschrei Und Gedräng,Riesen,1
Geschrei Und Gedräng,Rosenknospen,1
Geschrei Und Gedräng,Satiriker,1
Geschrei Und Gedräng,Satyr,1
Geschrei Und Gedräng,Tisiphone,1
Geschrei Und Gedräng,Trunkner,1
Geschrei Und Gedräng,Wechselgeschrei Der Menge,1
Geschrei Und Gedräng,Weiber In Masse,1
Geschrei Und Gedräng,Weibergeklatsch,1
Geschrei Und Gedräng,Wildgesang,1
Geschrei Und Gedräng,Ährenkranz,1
Getümmel Und Gesang,Gnomen,1
Getümmel Und Gesang,Gärtner,1
Getümmel Und Gesang,Gärtnerinnen,1
Getümmel Und Gesang,Hauptweib,1
Getümmel Und Gesang,Hegemone,1
Getümmel Und Gesang,Herold,1
Getümmel Und Gesang,Hoffnung,1
Getümmel Und Gesang,Holzhauer,1
Getümmel Und Gesang,Klotho,1
Getümmel Und Gesang,Klugheit,1
Getümmel Und Gesang,Knabe Lenker,1
Getümmel Und Gesang,Knabe Wagenlenker,1
Getümmel Und Gesang,Lachesis,1
Getümmel Und Gesang,Megära,1
Getümmel Und Gesang,Mutter,1
Getümmel Und Gesang,Nymphen Im Chor,1
Getümmel Und Gesang,Olivenzweig Mit Früchten,1
Getümmel Und Gesang,Parasiten,1
Getümmel Und Gesang,Phantasiekranz,1
Getümmel Und Gesang,Phantasiestrauss,1
Getümmel Und Gesang,Plutus,1
Getümmel Und Gesang,Pulcinelle,1
Getümmel Und Gesang,Riesen,1
Getümmel Und Gesang,Rosenknospen,1
Getümmel Und Gesang,Satiriker,1
Getümmel Und Gesang,Satyr,1
Getümmel Und Gesang,Tisiphone,1
Getümmel Und Gesang,Trunkner,1
Getümmel Und Gesang,Wechselgeschrei Der Menge,1
Getümmel Und Gesang,Weiber In Masse,1
Getümmel Und Gesang,Weibergeklatsch,1
Getümmel Und Gesang,Wildgesang,1
Getümmel Und Gesang,Ährenkranz,1
Gnomen,Gärtner,1
Gnomen,Gärtnerinnen,1
Gnomen,Hauptweib,1
Gnomen,Hegemone,1
Gnomen,Herold,1
Gnomen,Hoffnung,1
Gnomen,Holzhauer,1
Gnomen,Klotho,1
Gnomen,Klugheit,1
Gnomen,Knabe Lenker,1
Gnomen,Knabe Wagenlenker,1
Gnomen,Lachesis,1
Gnomen,Megära,1
Gnomen,Mutter,1
Gnomen,Nymphen Im Chor,1
Gnomen,Olivenzweig Mit Früchten,1
Gnomen,Parasiten,1
Gnomen,Phantasiekranz,1
Gnomen,Phantasiestrauss,1
Gnomen,Plutus,1
Gnomen,Pulcinelle,1
Gnomen,Riesen,1
Gnomen,Rosenknospen,1
Gnomen,Satiriker,1
Gnomen,Satyr,1
Gnomen,Tisiphone,1
Gnomen,Trunkner,1
Gnomen,Wechselgeschrei Der Menge,1
Gnomen,Weiber In Masse,1
Gnomen,Weibergeklatsch,1
Gnomen,Wildgesang,1
Gnomen,Ährenkranz,1
Gärtner,Gärtnerinnen,1
Gärtner,Hauptweib,1
Gärtner,Hegemone,1
Gärtner,Herold,1
Gärtner,Hoffnung,1
Gärtner,Holzhauer,1
Gärtner,Klotho,1
Gärtner,Klugheit,1
Gärtner,Knabe Lenker,1
Gärtner,Knabe Wagenlenker,1
Gärtner,Lachesis,1
Gärtner,Megära,1
Gärtner,Mutter,1
Gärtner,Nymphen Im Chor,1
Gärtner,Olivenzweig Mit Früchten,1
Gärtner,Parasiten,1
Gärtner,Phantasiekranz,1
Gärtner,Phantasiestrauss,1
Gärtner,Plutus,1
Gärtner,Pulcinelle,1
Gärtner,Riesen,1
Gärtner,Rosenknospen,1
Gärtner,Satiriker,1
Gärtner,Satyr,1
Gärtner,Tisiphone,1
Gärtner,Trunkner,1
Gärtner,Wechselgeschrei Der Menge,1
Gärtner,Weiber In Masse,1
Gärtner,Weibergeklatsch,1
Gärtner,Wildgesang,1
Gärtner,Ährenkranz,1
Gärtnerinnen,Hauptweib,1
Gärtnerinnen,Hegemone,1
Gärtnerinnen,Herold,1
Gärtnerinnen,Hoffnung,1
Gärtnerinnen,Holzhauer,1
Gärtnerinnen,Klotho,1
Gärtnerinnen,Klugheit,1
Gärtnerinnen,Knabe Lenker,1
Gärtnerinnen,Knabe Wagenlenker,1
Gärtnerinnen,Lachesis,1
Gärtnerinnen,Megära,1
Gärtnerinnen,Mutter,1
Gärtnerinnen,Nymphen Im Chor,1
Gärtnerinnen,Olivenzweig Mit Früchten,1
Gärtnerinnen,Parasiten,1
Gärtnerinnen,Phantasiekranz,1
Gärtnerinnen,Phantasiestrauss,1
Gärtnerinnen,Plutus,1
Gärtnerinnen,Pulcinelle,1
Gärtnerinnen,Riesen,1
Gärtnerinnen,Rosenknospen,1
Gärtnerinnen,Satiriker,1
Gärtnerinnen,Satyr,1
Gärtnerinnen,Tisiphone,1
Gärtnerinnen,Trunkner,1
Gärtnerinnen,Wechselgeschrei Der Menge,1
Gärtnerinnen,Weiber In Masse,1
Gärtnerinnen,Weibergeklatsch,1
Gärtnerinnen,Wildgesang,1
Gärtnerinnen,Ährenkranz,1
Hauptweib,Hegemone,1
Hauptweib,Herold,1
Hauptweib,Hoffnung,1
Hauptweib,Holzhauer,1
Hauptweib,Klotho,1
Hauptweib,Klugheit,1
Hauptweib,Knabe Lenker,1
Hauptweib,Knabe Wagenlenker,1
Hauptweib,Lachesis,1
Hauptweib,Megära,1
Hauptweib,Mutter,1
Hauptweib,Nymphen Im Chor,1
Hauptweib,Olivenzweig Mit Früchten,1
Hauptweib,Parasiten,1
Hauptweib,Phantasiekranz,1
Hauptweib,Phantasiestrauss,1
Hauptweib,Plutus,1
Hauptweib,Pulcinelle,1
Hauptweib,Riesen,1
Hauptweib,Rosenknospen,1
Hauptweib,Satiriker,1
Hauptweib,Satyr,1
Hauptweib,Tisiphone,1
Hauptweib,Trunkner,1
Hauptweib,Wechselgeschrei Der Menge,1
Hauptweib,Weiber In Masse,1
Hauptweib,Weibergeklatsch,1
Hauptweib,Wildgesang,1
Hauptweib,Ährenkranz,1
Hegemone,Herold,1
Hegemone,Hoffnung,1
Hegemone,Holzhauer,1
Hegemone,Klotho,1
Hegemone,Klugheit,1
Hegemone,Knabe Lenker,1
Hegemone,Knabe Wagenlenker,1
Hegemone,Lachesis,1
Hegemone,Megära,1
Hegemone,Mutter,1
Hegemone,Nymphen Im Chor,1
Hegemone,Olivenzweig Mit Früchten,1
Hegemone,Parasiten,1
Hegemone,Phantasiekranz,1
Hegemone,Phantasiestrauss,1
Hegemone,Plutus,1
Hegemone,Pulcinelle,1
Hegemone,Riesen,1
Hegemone,Rosenknospen,1
Hegemone,Satiriker,1
Hegemone,Satyr,1
Hegemone,Tisiphone,1
Hegemone,Trunkner,1
Hegemone,Wechselgeschrei Der Menge,1
Hegemone,Weiber In Masse,1
Hegemone,Weibergeklatsch,1
Hegemone,Wildgesang,1
Hegemone,Ährenkranz,1
Herold,Hoffnung,1
Herold,Holzhauer,1
Herold,Klotho,1
Herold,Klugheit,1
Herold,Knabe Lenker,1
Herold,Knabe Wagenlenker,1
Herold,Lachesis,1
Herold,Megära,1
Herold,Mutter,1
Herold,Nymphen Im Chor,1
Herold,Olivenzweig Mit Früchten,1
Herold,Parasiten,1
Herold,Phantasiekranz,1
Herold,Phantasiestrauss,1
Herold,Plutus,1
Herold,Pulcinelle,1
Herold,Riesen,1
Herold,Rosenknospen,1
Herold,Satiriker,1
Herold,Satyr,1
Herold,Tisiphone,1
Herold,Trunkner,1
Herold,Wechselgeschrei Der Menge,1
Herold,Weiber In Masse,1
Herold,Weibergeklatsch,1
Herold,Wildgesang,1
Herold,Ährenkranz,1
Hoffnung,Holzhauer,1
Hoffnung,Klotho,1
Hoffnung,Klugheit,1
Hoffnung,Knabe Lenker,1
Hoffnung,Knabe Wagenlenker,1
Hoffnung,Lachesis,1
Hoffnung,Megära,1
Hoffnung,Mutter,1
Hoffnung,Nymphen Im Chor,1
Hoffnung,Olivenzweig Mit Früchten,1
Hoffnung,Parasiten,1
Hoffnung,Phantasiekranz,1
Hoffnung,Phantasiestrauss,1
Hoffnung,Plutus,1
Hoffnung,Pulcinelle,1
Hoffnung,Riesen,1
Hoffnung,Rosenknospen,1
Hoffnung,Satiriker,1
Hoffnung,Satyr,1
Hoffnung,Tisiphone,1
Hoffnung,Trunkner,1
Hoffnung,Wechselgeschrei Der Menge,1
Hoffnung,Weiber In Masse,1
Hoffnung,Weibergeklatsch,1
Hoffnung,Wildgesang,1
Hoffnung,Ährenkranz,1
Holzhauer,Klotho,1
Holzhauer,Klugheit,1
Holzhauer,Knabe Lenker,1
Holzhauer,Knabe Wagenlenker,1
Holzhauer,Lachesis,1
Holzhauer,Megära,1
Holzhauer,Mutter,1
Holzhauer,Nymphen Im Chor,1
Holzhauer,Olivenzweig Mit Früchten,1
Holzhauer,Parasiten,1
Holzhauer,Phantasiekranz,1
Holzhauer,Phantasiestrauss,1
Holzhauer,Plutus,1
Holzhauer,Pulcinelle,1
Holzhauer,Riesen,1
Holzhauer,Rosenknospen,1
Holzhauer,Satiriker,1
Holzhauer,Satyr,1
Holzhauer,Tisiphone,1
Holzhauer,Trunkner,1
Holzhauer,Wechselgeschrei Der Menge,1
Holzhauer,Weiber In Masse,1
Holzhauer,Weibergeklatsch,1
Holzhauer,Wildgesang,1
Holzhauer,Ährenkranz,1
Klotho,Klugheit,1
Klotho,Knabe Lenker,1
Klotho,Knabe Wagenlenker,1
Klotho,Lachesis,1
Klotho,Megära,1
Klotho,Mutter,1
Klotho,Nymphen Im Chor,1
Klotho,Olivenzweig Mit Früchten,1
Klotho,Parasiten,1
Klotho,Phantasiekranz,1
Klotho,Phantasiestrauss,1
Klotho,Plutus,1
Klotho,Pulcinelle,1
Klotho,Riesen,1
Klotho,Rosenknospen,1
Klotho,Satiriker,1
Klotho,Satyr,1
Klotho,Tisiphone,1
Klotho,Trunkner,1
Klotho,Wechselgeschrei Der Menge,1
Klotho,Weiber In Masse,1
Klotho,Weibergeklatsch,1
Klotho,Wildgesang,1
Klotho,Ährenkranz,1
Klugheit,Knabe Lenker,1
Klugheit,Knabe Wagenlenker,1
Klugheit,Lachesis,1
Klugheit,Megära,1
Klugheit,Mutter,1
Klugheit,Nymphen Im Chor,1
Klugheit,Olivenzweig Mit Früchten,1
Klugheit,Parasiten,1
Klugheit,Phantasiekranz,1
Klugheit,Phantasiestrauss,1
Klugheit,Plutus,1
Klugheit,Pulcinelle,1
Klugheit,Riesen,1
Klugheit,Rosenknospen,1
Klugheit,Satiriker,1
Klugheit,Satyr,1
Klugheit,Tisiphone,1
Klugheit,Trunkner,1
Klugheit,Wechselgeschrei Der Menge,1
Klugheit,Weiber In Masse,1
Klugheit,Weibergeklatsch,1
Klugheit,Wildgesang,1
Klugheit,Ährenkranz,1
Knabe Lenker,Knabe Wagenlenker,1
Knabe Lenker,Lachesis,1
Knabe Lenker,Megära,1
Knabe Lenker,Mutter,1
Knabe Lenker,Nymphen Im Chor,1
Knabe Lenker,Olivenzweig Mit Früchten,1
Knabe Lenker,Parasiten,1
Knabe Lenker,Phantasiekranz,1
Knabe Lenker,Phantasiestrauss,1
Knabe Lenker,Plutus,1
Knabe Lenker,Pulcinelle,1
Knabe Lenker,Riesen,1
Knabe Lenker,Rosenknospen,1
Knabe Lenker,Satiriker,1
Knabe Lenker,Satyr,1
Knabe Lenker,Tisiphone,1
Knabe Lenker,Trunkner,1
Knabe Lenker,Wechselgeschrei Der Menge,1
Knabe Lenker,Weiber In Masse,1
Knabe Lenker,Weibergeklatsch,1
Knabe Lenker,Wildgesang,1
Knabe Lenker,Ährenkranz,1
Knabe Wagenlenker,Lachesis,1
Knabe Wagenlenker,Megära,1
Knabe Wagenlenker,Mutter,1
Knabe Wagenlenker,Nymphen Im Chor,1
Knabe Wagenlenker,Olivenzweig Mit Früchten,1
Knabe Wagenlenker,Parasiten,1
Knabe Wagenlenker,Phantasiekranz,1
Knabe Wagenlenker,Phantasiestrauss,1
Knabe Wagenlenker,Plutus,1
Knabe Wagenlenker,Pulcinelle,1
Knabe Wagenlenker,Riesen,1
Knabe Wagenlenker,Rosenknospen,1
Knabe Wagenlenker,Satiriker,1
Knabe Wagenlenker,Satyr,1
Knabe Wagenlenker,Tisiphone,1
Knabe Wagenlenker,Trunkner,1
Knabe Wagenlenker,Wechselgeschrei Der Menge,1
Knabe Wagenlenker,Weiber In Masse,1
Knabe Wagenlenker,Weibergeklatsch,1
Knabe Wagenlenker,Wildgesang,1
Knabe Wagenlenker,Ährenkranz,1
Lachesis,Megära,1
Lachesis,Mutter,1
Lachesis,Nymphen Im Chor,1
Lachesis,Olivenzweig Mit Früchten,1
Lachesis,Parasiten,1
Lachesis,Phantasiekranz,1
Lachesis,Phantasiestrauss,1
Lachesis,Plutus,1
Lachesis,Pulcinelle,1
Lachesis,Riesen,1
Lachesis,Rosenknospen,1
Lachesis,Satiriker,1
Lachesis,Satyr,1
Lachesis,Tisiphone,1
Lachesis,Trunkner,1
Lachesis,Wechselgeschrei Der Menge,1
Lachesis,Weiber In Masse,1
Lachesis,Weibergeklatsch,1
Lachesis,Wildgesang,1
Lachesis,Ährenkranz,1
Megära,Mutter,1
Megära,Nymphen Im Chor,1
Megära,Olivenzweig Mit Früchten,1
Megära,Parasiten,1
Megära,Phantasiekranz,1
Megära,Phantasiestrauss,1
Megära,Plutus,1
Megära,Pulcinelle,1
Megära,Riesen,1
Megära,Rosenknospen,1
Megära,Satiriker,1
Megära,Satyr,1
Megära,Tisiphone,1
Megära,Trunkner,1
Megära,Wechselgeschrei Der Menge,1
Megära,Weiber In Masse,1
Megära,Weibergeklatsch,1
Megära,Wildgesang,1
Megära,Ährenkranz,1
Mutter,Nymphen Im Chor,1
Mutter,Olivenzweig Mit Früchten,1
Mutter,Parasiten,1
Mutter,Phantasiekranz,1
Mutter,Phantasiestrauss,1
Mutter,Plutus,1
Mutter,Pulcinelle,1
Mutter,Riesen,1
Mutter,Rosenknospen,1
Mutter,Satiriker,1
Mutter,Satyr,1
Mutter,Tisiphone,1
Mutter,Trunkner,1
Mutter,Wechselgeschrei Der Menge,1
Mutter,Weiber In Masse,1
Mutter,Weibergeklatsch,1
Mutter,Wildgesang,1
Mutter,Ährenkranz,1
Nymphen Im Chor,Olivenzweig Mit Früchten,1
Nymphen Im Chor,Parasiten,1
Nymphen Im Chor,Phantasiekranz,1
Nymphen Im Chor,Phantasiestrauss,1
Nymphen Im Chor,Plutus,1
Nymphen Im Chor,Pulcinelle,1
Nymphen Im Chor,Riesen,1
Nymphen Im Chor,Rosenknospen,1
Nymphen Im Chor,Satiriker,1
Nymphen Im Chor,Satyr,1
Nymphen Im Chor,Tisiphone,1
Nymphen Im Chor,Trunkner,1
Nymphen Im Chor,Wechselgeschrei Der Menge,1
Nymphen Im Chor,Weiber In Masse,1
Nymphen Im Chor,Weibergeklatsch,1
Nymphen Im Chor,Wildgesang,1
Nymphen Im Chor,Ährenkranz,1
Olivenzweig Mit Früchten,Parasiten,1
Olivenzweig Mit Früchten,Phantasiekranz,1
Olivenzweig Mit Früchten,Phantasiestrauss,1
Olivenzweig Mit Früchten,Plutus,1
Olivenzweig Mit Früchten,Pulcinelle,1
Olivenzweig Mit Früchten,Riesen,1
Olivenzweig Mit Früchten,Rosenknospen,1
Olivenzweig Mit Früchten,Satiriker,1
Olivenzweig Mit Früchten,Satyr,1
Olivenzweig Mit Früchten,Tisiphone,1
Olivenzweig Mit Früchten,Trunkner,1
Olivenzweig Mit Früchten,Wechselgeschrei Der Menge,1
Olivenzweig Mit Früchten,Weiber In Masse,1
Olivenzweig Mit Früchten,Weibergeklatsch,1
Olivenzweig Mit Früchten,Wildgesang,1
Olivenzweig Mit Früchten,Ährenkranz,1
Parasiten,Phantasiekranz,1
Parasiten,Phantasiestrauss,1
Parasiten,Plutus,1
Parasiten,Pulcinelle,1
Parasiten,Riesen,1
Parasiten,Rosenknospen,1
Parasiten,Satiriker,1
Parasiten,Satyr,1
Parasiten,Tisiphone,1
Parasiten,Trunkner,1
Parasiten,Wechselgeschrei Der Menge,1
Parasiten,Weiber In Masse,1
Parasiten,Weibergeklatsch,1
Parasiten,Wildgesang,1
Parasiten,Ährenkranz,1
Phantasiekranz,Phantasiestrauss,1
Phantasiekranz,Plutus,1
Phantasiekranz,Pulcinelle,1
Phantasiekranz,Riesen,1
Phantasiekranz,Rosenknospen,1
Phantasiekranz,Satiriker,1
Phantasiekranz,Satyr,1
Phantasiekranz,Tisiphone,1
Phantasiekranz,Trunkner,1
Phantasiekranz,Wechselgeschrei Der Menge,1
Phantasiekranz,Weiber In Masse,1
Phantasiekranz,Weibergeklatsch,1
Phantasiekranz,Wildgesang,1
Phantasiekranz,Ährenkranz,1
Phantasiestrauss,Plutus,1
Phantasiestrauss,Pulcinelle,1
Phantasiestrauss,Riesen,1
Phantasiestrauss,Rosenknospen,1
Phantasiestrauss,Satiriker,1
Phantasiestrauss,Satyr,1
Phantasiestrauss,Tisiphone,1
Phantasiestrauss,Trunkner,1
Phantasiestrauss,Wechselgeschrei Der Menge,1
Phantasiestrauss,Weiber In Masse,1
Phantasiestrauss,Weibergeklatsch,1
Phantasiestrauss,Wildgesang,1
Phantasiestrauss,Ährenkranz,1
Plutus,Pulcinelle,1
Plutus,Riesen,1
Plutus,Rosenknospen,1
Plutus,Satiriker,1
Plutus,Satyr,1
Plutus,Tisiphone,1
Plutus,Trunkner,1
Plutus,Wechselgeschrei Der Menge,1
Plutus,Weiber In Masse,1
Plutus,Weibergeklatsch,1
Plutus,Wildgesang,1
Plutus,Ährenkranz,1
Pulcinelle,Riesen,1
Pulcinelle,Rosenknospen,1
Pulcinelle,Satiriker,1
Pulcinelle,Satyr,1
Pulcinelle,Tisiphone,1
Pulcinelle,Trunkner,1
Pulcinelle,Wechselgeschrei Der Menge,1
Pulcinelle,Weiber In Masse,1
Pulcinelle,Weibergeklatsch,1
Pulcinelle,Wildgesang,1
Pulcinelle,Ährenkranz,1
Riesen,Rosenknospen,1
Riesen,Satiriker,1
Riesen,Satyr,1
Riesen,Tisiphone,1
Riesen,Trunkner,1
Riesen,Wechselgeschrei Der Menge,1
Riesen,Weiber In Masse,1
Riesen,Weibergeklatsch,1
Riesen,Wildgesang,1
Riesen,Ährenkranz,1
Rosenknospen,Satiriker,1
Rosenknospen,Satyr,1
Rosenknospen,Tisiphone,1
Rosenknospen,Trunkner,1
Rosenknospen,Wechselgeschrei Der Menge,1
Rosenknospen,Weiber In Masse,1
Rosenknospen,Weibergeklatsch,1
Rosenknospen,Wildgesang,1
Rosenknospen,Ährenkranz,1
Satiriker,Satyr,1
Satiriker,Tisiphone,1
Satiriker,Trunkner,1
Satiriker,Wechselgeschrei Der Menge,1
Satiriker,Weiber In Masse,1
Satiriker,Weibergeklatsch,1
Satiriker,Wildgesang,1
Satiriker,Ährenkranz,1
Satyr,Tisiphone,1
Satyr,Trunkner,1
Satyr,Wechselgeschrei Der Menge,1
Satyr,Weiber In Masse,1
Satyr,Weibergeklatsch,1
Satyr,Wildgesang,1
Satyr,Ährenkranz,1
Tisiphone,Trunkner,1
Tisiphone,Wechselgeschrei Der Menge,1
Tisiphone,Weiber In Masse,1
Tisiphone,Weibergeklatsch,1
Tisiphone,Wildgesang,1
Tisiphone,Ährenkranz,1
Trunkner,Wechselgeschrei Der Menge,1
Trunkner,Weiber In Masse,1
Trunkner,Weibergeklatsch,1
Trunkner,Wildgesang,1
Trunkner,Ährenkranz,1
Wechselgeschrei Der Menge,Weiber In Masse,1
Wechselgeschrei Der Menge,Weibergeklatsch,1
Wechselgeschrei Der Menge,Wildgesang,1
Wechselgeschrei Der Menge,Ährenkranz,1
Weiber In Masse,Weibergeklatsch,1
Weiber In Masse,Wildgesang,1
Weiber In Masse,Ährenkranz,1
Weibergeklatsch,Wildgesang,1
Weibergeklatsch,Ährenkranz,1
Wildgesang,Ährenkranz,1
Bannerherr,Ein Andrer,1
Bannerherr,Faust,1
Bannerherr,Heermeister,1
Bannerherr,Kaiser,1
Bannerherr,Kanzler,1
Bannerherr,Kämmerer,1
Bannerherr,Marschalk,1
Bannerherr,Mephistopheles,1
Bannerherr,Narr,1
Bannerherr,Page,1
Bannerherr,Schatzmeister,1
Ein Andrer,Faust,1
Ein Andrer,Heermeister,1
Ein Andrer,Kaiser,1
Ein Andrer,Kanzler,1
Ein Andrer,Kämmerer,1
Ein Andrer,Marschalk,1
Ein Andrer,Mephistopheles,1
Ein Andrer,Narr,1
Ein Andrer,Page,1
Ein Andrer,Schatzmeister,1
Faust,Heermeister,1
Faust,Kaiser,2
Faust,Kanzler,1
Faust,Kämmerer,2
Faust,Marschalk,1
Faust,Narr,1
Faust,Page,2
Faust,Schatzmeister,1
Heermeister,Kämmerer,1
Heermeister,Narr,1
Heermeister,Page,1
Kaiser,Kämmerer,1
Kaiser,Narr,1
Kaiser,Page,1
Kanzler,Kämmerer,1
Kanzler,Narr,1
Kanzler,Page,1
Kämmerer,Marschalk,2
Kämmerer,Mephistopheles,3
Kämmerer,Narr,1
Kämmerer,Page,3
Kämmerer,Schatzmeister,1
Marschalk,Narr,1
Marschalk,Page,2
Mephistopheles,Narr,1
Mephistopheles,Page,3
Narr,Page,1
Narr,Schatzmeister,1
Page,Schatzmeister,1
Blondine,Braune,1
Blondine,Dame,1
Blondine,Kämmerer,1
Blondine,Marschalk,1
Blondine,Mephistopheles,1
Blondine,Page,1
Braune,Dame,1
Braune,Kämmerer,1
Braune,Marschalk,1
Braune,Mephistopheles,1
Braune,Page,1
Dame,Kämmerer,2
Dame,Marschalk,1
Dame,Mephistopheles,2
Dame,Page,2
Andre,Andrer,1
Andre,Architekt,1
Andre,Astrolog,1
Andre,Dame,1
Andre,Derselbe,1
Andre,Diplomat,1
Andre,Dritte,1
Andre,Duenna,1
Andre,Fünfte,1
Andre,Gelahrter,1
Andre,Herold,1
Andre,Hofmann,1
Andre,Junge Dame,1
Andre,Jüngere,1
Andre,Kämmerer,1
Andre,Mephistopheles,1
Andre,Page,1
Andre,Poet,1
Andre,Ritter,1
Andre,Sechste,1
Andre,Vierte,1
Andre,Zweite,1
Andre,Ältere,1
Andre,Ältere Dame,1
Andre,Älteste,1
Andrer,Architekt,1
Andrer,Astrolog,1
Andrer,Dame,1
Andrer,Derselbe,1
Andrer,Diplomat,1
Andrer,Dritte,1
Andrer,Duenna,1
Andrer,Faust,1
Andrer,Fünfte,1
Andrer,Gelahrter,1
Andrer,Herold,1
Andrer,Hofmann,1
Andrer,Junge Dame,1
Andrer,Jüngere,1
Andrer,Kämmerer,1
Andrer,Mephistopheles,1
Andrer,Page,1
Andrer,Poet,1
Andrer,Ritter,1
Andrer,Sechste,1
Andrer,Vierte,1
Andrer,Zweite,1
Andrer,Ältere,1
Andrer,Ältere Dame,1
Andrer,Älteste,1
Architekt,Astrolog,1
Architekt,Dame,1
Architekt,Derselbe,1
Architekt,Diplomat,1
Architekt,Dritte,1
Architekt,Duenna,1
Architekt,Faust,1
Architekt,Fünfte,1
Architekt,Gelahrter,1
Architekt,Herold,1
Architekt,Hofmann,1
Architekt,Junge Dame,1
Architekt,Jüngere,1
Architekt,Kämmerer,1
Architekt,Mephistopheles,1
Architekt,Page,1
Architekt,Poet,1
Architekt,Ritter,1
Architekt,Sechste,1
Architekt,Vierte,1
Architekt,Zweite,1
Architekt,Ältere,1
Architekt,Ältere Dame,1
Architekt,Älteste,1
Astrolog,Dame,1
Astrolog,Derselbe,1
Astrolog,Diplomat,1
Astrolog,Dritte,1
Astrolog,Duenna,1
Astrolog,Faust,1
Astrolog,Fünfte,1
Astrolog,Gelahrter,1
Astrolog,Herold,1
Astrolog,Hofmann,1
Astrolog,Junge Dame,1
Astrolog,Jüngere,1
Astrolog,Kämmerer,1
Astrolog,Page,1
Astrolog,Poet,1
Astrolog,Ritter,1
Astrolog,Sechste,1
Astrolog,Vierte,1
Astrolog,Zweite,1
Astrolog,Ältere,1
Astrolog,Ältere Dame,1
Astrolog,Älteste,1
Dame,Derselbe,1
Dame,Diplomat,1
Dame,Dritte,1
Dame,Duenna,1
Dame,Faust,1
Dame,Fünfte,1
Dame,Gelahrter,1
Dame,Herold,1
Dame,Hofmann,1
Dame,Junge Dame,1
Dame,Jüngere,1
Dame,Poet,1
Dame,Ritter,1
Dame,Sechste,1
Dame,Vierte,1
Dame,Zweite,1
Dame,Ältere,1
Dame,Ältere Dame,1
Dame,Älteste,1
Derselbe,Diplomat,1
Derselbe,Dritte,1
Derselbe,Duenna,1
Derselbe,Faust,1
Derselbe,Fünfte,1
Derselbe,Gelahrter,1
Derselbe,Herold,1
Derselbe,Hofmann,1
Derselbe,Junge Dame,1
Derselbe,Jüngere,1
Derselbe,Kämmerer,1
Derselbe,Mephistopheles,1
Derselbe,Page,1
Derselbe,Poet,1
Derselbe,Ritter,1
Derselbe,Sechste,1
Derselbe,Vierte,1
Derselbe,Zweite,1
Derselbe,Ältere,1
Derselbe,Ältere Dame,1
Derselbe,Älteste,1
Diplomat,Dritte,1
Diplomat,Duenna,1
Diplomat,Faust,1
Diplomat,Fünfte,1
Diplomat,Gelahrter,1
Diplomat,Herold,1
Diplomat,Hofmann,1
Diplomat,Junge Dame,1
Diplomat,Jüngere,1
Diplomat,Kämmerer,1
Diplomat,Mephistopheles,1
Diplomat,Page,1
Diplomat,Poet,1
Diplomat,Ritter,1
Diplomat,Sechste,1
Diplomat,Vierte,1
Diplomat,Zweite,1
Diplomat,Ältere,1
Diplomat,Ältere Dame,1
Diplomat,Älteste,1
Dritte,Duenna,1
Dritte,Faust,2
Dritte,Fünfte,1
Dritte,Gelahrter,1
Dritte,Herold,1
Dritte,Hofmann,1
Dritte,Junge Dame,1
Dritte,Jüngere,1
Dritte,Kämmerer,1
Dritte,Mephistopheles,1
Dritte,Page,1
Dritte,Poet,1
Dritte,Ritter,1
Dritte,Sechste,1
Dritte,Vierte,2
Dritte,Zweite,2
Dritte,Ältere,1
Dritte,Ältere Dame,1
Dritte,Älteste,1
Duenna,Faust,1
Duenna,Fünfte,1
Duenna,Gelahrter,1
Duenna,Herold,1
Duenna,Hofmann,1
Duenna,Junge Dame,1
Duenna,Jüngere,1
Duenna,Kämmerer,1
Duenna,Mephistopheles,1
Duenna,Page,1
Duenna,Poet,1
Duenna,Ritter,1
Duenna,Sechste,1
Duenna,Vierte,1
Duenna,Zweite,1
Duenna,Ältere,1
Duenna,Ältere Dame,1
Duenna,Älteste,1
Faust,Fünfte,1
Faust,Gelahrter,1
Faust,Herold,1
Faust,Hofmann,1
Faust,Junge Dame,1
Faust,Jüngere,1
Faust,Poet,1
Faust,Ritter,1
Faust,Sechste,1
Faust,Vierte,2
Faust,Zweite,2
Faust,Ältere,1
Faust,Ältere Dame,1
Faust,Älteste,1
Fünfte,Gelahrter,1
Fünfte,Herold,1
Fünfte,Hofmann,1
Fünfte,Junge Dame,1
Fünfte,Jüngere,1
Fünfte,Kämmerer,1
Fünfte,Mephistopheles,1
Fünfte,Page,1
Fünfte,Poet,1
Fünfte,Ritter,1
Fünfte,Sechste,1
Fünfte,Vierte,1
Fünfte,Zweite,1
Fünfte,Ältere,1
Fünfte,Ältere Dame,1
Fünfte,Älteste,1
Gelahrter,Herold,1
Gelahrter,Hofmann,1
Gelahrter,Junge Dame,1
Gelahrter,Jüngere,1
Gelahrter,Kämmerer,1
Gelahrter,Mephistopheles,1
Gelahrter,Page,1
Gelahrter,Poet,1
Gelahrter,Ritter,1
Gelahrter,Sechste,1
Gelahrter,Vierte,1
Gelahrter,Zweite,1
Gelahrter,Ältere,1
Gelahrter,Ältere Dame,1
Gelahrter,Älteste,1
Herold,Hofmann,1
Herold,Junge Dame,1
Herold,Jüngere,1
Herold,Kämmerer,1
Herold,Mephistopheles,1
Herold,Page,1
Herold,Poet,1
Herold,Ritter,1
Herold,Sechste,1
Herold,Vierte,1
Herold,Zweite,1
Herold,Ältere,1
Herold,Ältere Dame,1
Herold,Älteste,1
Hofmann,Junge Dame,1
Hofmann,Jüngere,1
Hofmann,Kämmerer,1
Hofmann,Mephistopheles,1
Hofmann,Page,1
Hofmann,Poet,1
Hofmann,Ritter,1
Hofmann,Sechste,1
Hofmann,Vierte,1
Hofmann,Zweite,1
Hofmann,Ältere,1
Hofmann,Ältere Dame,1
Hofmann,Älteste,1
Junge Dame,Jüngere,1
Junge Dame,Kämmerer,1
Junge Dame,Mephistopheles,1
Junge Dame,Page,1
Junge Dame,Poet,1
Junge Dame,Ritter,1
Junge Dame,Sechste,1
Junge Dame,Vierte,1
Junge Dame,Zweite,1
Junge Dame,Ältere,1
Junge Dame,Ältere Dame,1
Junge Dame,Älteste,1
Jüngere,Kämmerer,1
Jüngere,Mephistopheles,1
Jüngere,Page,1
Jüngere,Poet,1
Jüngere,Ritter,1
Jüngere,Sechste,1
Jüngere,Vierte,1
Jüngere,Zweite,1
Jüngere,Ältere,1
Jüngere,Ältere Dame,1
Jüngere,Älteste,1
Kämmerer,Poet,1
Kämmerer,Ritter,1
Kämmerer,Sechste,1
Kämmerer,Vierte,1
Kämmerer,Zweite,1
Kämmerer,Ältere,1
Kämmerer,Ältere Dame,1
Kämmerer,Älteste,1
Mephistopheles,Poet,1
Mephistopheles,Ritter,1
Mephistopheles,Sechste,1
Mephistopheles,Vierte,1
Mephistopheles,Zweite,1
Mephistopheles,Ältere,1
Mephistopheles,Ältere Dame,1
Mephistopheles,Älteste,1
Page,Poet,1
Page,Ritter,1
Page,Sechste,1
Page,Vierte,1
Page,Zweite,1
Page,Ältere,1
Page,Ältere Dame,1
Page,Älteste,1
Poet,Ritter,1
Poet,Sechste,1
Poet,Vierte,1
Poet,Zweite,1
Poet,Ältere,1
Poet,Ältere Dame,1
Poet,Älteste,1
Ritter,Sechste,1
Ritter,Vierte,1
Ritter,Zweite,1
Ritter,Ältere,1
Ritter,Ältere Dame,1
Ritter,Älteste,1
Sechste,Vierte,1
Sechste,Zweite,1
Sechste,Ältere,1
Sechste,Ältere Dame,1
Sechste,Älteste,1
Vierte,Zweite,2
Vierte,Ältere,1
Vierte,Ältere Dame,1
Vierte,Älteste,1
Zweite,Ältere,1
Zweite,Ältere Dame,1
Zweite,Älteste,1
Ältere,Ältere Dame,1
Ältere,Älteste,1
Ältere Dame,Älteste,1
Bacc,Baccalaureus,1
Bacc,Chor Der Insekten,1
Bacc,Famulus,1
Bacc,Mephistopheles,1
Baccalaureus,Chor Der Insekten,1
Baccalaureus,Famulus,1
Baccalaureus,Mephistopheles,1
Chor Der Insekten,Famulus,1
Chor Der Insekten,Mephistopheles,1
Famulus,Mephistopheles,1
Homunculus,Mephistopheles,3
Homunculus,Wagner,1
Mephistopheles,Wagner,1
Erichtho,Faust,1
Erichtho,Homunculus,1
Erichtho,Mephistopheles,1
Faust,Homunculus,1
Ameisen,Arimaspen,1
Ameisen,Beide,1
Ameisen,Erster Greif,1
Ameisen,Faust,1
Ameisen,Greif,1
Ameisen,Greife,1
Ameisen,Mephistopheles,1
Ameisen,Sirenen,1
Ameisen,Sphinx,1
Ameisen,Sphinxe,1
Ameisen,Zweiter Greif,1
Arimaspen,Beide,1
Arimaspen,Erster Greif,1
Arimaspen,Faust,1
Arimaspen,Greif,1
Arimaspen,Greife,1
Arimaspen,Mephistopheles,1
Arimaspen,Sirenen,1
Arimaspen,Sphinx,1
Arimaspen,Sphinxe,1
Arimaspen,Zweiter Greif,1
Beide,Erster Greif,1
Beide,Faust,1
Beide,Greif,1
Beide,Greife,1
Beide,Mephistopheles,1
Beide,Sirenen,1
Beide,Sphinx,1
Beide,Sphinxe,1
Beide,Zweiter Greif,1
Erster Greif,Faust,1
Erster Greif,Greif,1
Erster Greif,Greife,1
Erster Greif,Mephistopheles,1
Erster Greif,Sirenen,1
Erster Greif,Sphinx,1
Erster Greif,Sphinxe,1
Erster Greif,Zweiter Greif,1
Faust,Greif,1
Faust,Greife,1
Faust,Sirenen,1
Faust,Sphinx,1
Faust,Sphinxe,1
Faust,Zweiter Greif,1
Greif,Greife,1
Greif,Mephistopheles,1
Greif,Sirenen,1
Greif,Sphinx,1
Greif,Sphinxe,1
Greif,Zweiter Greif,1
Greife,Mephistopheles,2
Greife,Sirenen,2
Greife,Sphinx,1
Greife,Sphinxe,2
Greife,Zweiter Greif,1
Mephistopheles,Sirenen,2
Mephistopheles,Sphinx,1
Mephistopheles,Sphinxe,2
Mephistopheles,Zweiter Greif,1
Sirenen,Sphinx,1
Sirenen,Sphinxe,2
Sirenen,Zweiter Greif,1
Sphinx,Sphinxe,1
Sphinx,Zweiter Greif,1
Sphinxe,Zweiter Greif,1
Chiron,Faust,1
Chiron,Manto,1
Chiron,Nymphen,1
Chiron,Peneios,1
Faust,Manto,1
Faust,Nymphen,1
Faust,Peneios,1
Manto,Nymphen,1
Manto,Peneios,1
Nymphen,Peneios,1
Anaxagoras,Chor Der Ameisen,1
Anaxagoras,Daktyle,1
Anaxagoras,Die Andern,1
Anaxagoras,Die Kraniche Des Ibykus,1
Anaxagoras,Dryas,1
Anaxagoras,Eine,1
Anaxagoras,Empuse,1
Anaxagoras,Generalissimus,1
Anaxagoras,Greife,1
Anaxagoras,Homunculus,1
Anaxagoras,Imsen Und Daktyle,1
Anaxagoras,Lamien,1
Anaxagoras,Mephistopheles,1
Anaxagoras,Oreas,1
Anaxagoras,Phorkyaden,1
Anaxagoras,Phorkyas,1
Anaxagoras,Pygmäen,1
Anaxagoras,Seismos,1
Anaxagoras,Sirenen,1
Anaxagoras,Sphinxe,1
Anaxagoras,Thales,1
Chor Der Ameisen,Daktyle,1
Chor Der Ameisen,Die Andern,1
Chor Der Ameisen,Die Kraniche Des Ibykus,1
Chor Der Ameisen,Dryas,1
Chor Der Ameisen,Eine,1
Chor Der Ameisen,Empuse,1
Chor Der Ameisen,Generalissimus,1
Chor Der Ameisen,Greife,1
Chor Der Ameisen,Homunculus,1
Chor Der Ameisen,Imsen Und Daktyle,1
Chor Der Ameisen,Lamien,1
Chor Der Ameisen,Mephistopheles,1
Chor Der Ameisen,Oreas,1
Chor Der Ameisen,Phorkyaden,1
Chor Der Ameisen,Phorkyas,1
Chor Der Ameisen,Pygmäen,1
Chor Der Ameisen,Seismos,1
Chor Der Ameisen,Sirenen,1
Chor Der Ameisen,Sphinxe,1
Chor Der Ameisen,Thales,1
Daktyle,Die Andern,1
Daktyle,Die Kraniche Des Ibykus,1
Daktyle,Dryas,1
Daktyle,Eine,1
Daktyle,Empuse,1
Daktyle,Generalissimus,1
Daktyle,Greife,1
Daktyle,Homunculus,1
Daktyle,Imsen Und Daktyle,1
Daktyle,Lamien,1
Daktyle,Mephistopheles,1
Daktyle,Oreas,1
Daktyle,Phorkyaden,1
Daktyle,Phorkyas,1
Daktyle,Pygmäen,1
Daktyle,Seismos,1
Daktyle,Sirenen,1
Daktyle,Sphinxe,1
Daktyle,Thales,1
Die Andern,Die Kraniche Des Ibykus,1
Die Andern,Dryas,1
Die Andern,Eine,1
Die Andern,Empuse,1
Die Andern,Generalissimus,1
Die Andern,Greife,1
Die Andern,Homunculus,1
Die Andern,Imsen Und Daktyle,1
Die Andern,Lamien,1
Die Andern,Mephistopheles,1
Die Andern,Oreas,1
Die Andern,Phorkyaden,1
Die Andern,Phorkyas,1
Die Andern,Pygmäen,1
Die Andern,Seismos,1
Die Andern,Sirenen,1
Die Andern,Sphinxe,1
Die Andern,Thales,1
Die Kraniche Des Ibykus,Dryas,1
Die Kraniche Des Ibykus,Eine,1
Die Kraniche Des Ibykus,Empuse,1
Die Kraniche Des Ibykus,Generalissimus,1
Die Kraniche Des Ibykus,Greife,1
Die Kraniche Des Ibykus,Homunculus,1
Die Kraniche Des Ibykus,Imsen Und Daktyle,1
Die Kraniche Des Ibykus,Lamien,1
Die Kraniche Des Ibykus,Mephistopheles,1
Die Kraniche Des Ibykus,Oreas,1
Die Kraniche Des Ibykus,Phorkyaden,1
Die Kraniche Des Ibykus,Phorkyas,1
Die Kraniche Des Ibykus,Pygmäen,1
Die Kraniche Des Ibykus,Seismos,1
Die Kraniche Des Ibykus,Sirenen,1
Die Kraniche Des Ibykus,Sphinxe,1
Die Kraniche Des Ibykus,Thales,1
Dryas,Eine,1
Dryas,Empuse,1
Dryas,Generalissimus,1
Dryas,Greife,1
Dryas,Homunculus,1
Dryas,Imsen Und Daktyle,1
Dryas,Lamien,1
Dryas,Mephistopheles,1
Dryas,Oreas,1
Dryas,Phorkyaden,1
Dryas,Phorkyas,1
Dryas,Pygmäen,1
Dryas,Seismos,1
Dryas,Sirenen,1
Dryas,Sphinxe,1
Dryas,Thales,1
Eine,Empuse,1
Eine,Generalissimus,1
Eine,Greife,1
Eine,Homunculus,1
Eine,Imsen Und Daktyle,1
Eine,Lamien,1
Eine,Mephistopheles,1
Eine,Oreas,1
Eine,Phorkyaden,1
Eine,Phorkyas,1
Eine,Pygmäen,1
Eine,Seismos,1
Eine,Sirenen,1
Eine,Sphinxe,1
Eine,Thales,1
Empuse,Generalissimus,1
Empuse,Greife,1
Empuse,Homunculus,1
Empuse,Imsen Und Daktyle,1
Empuse,Lamien,1
Empuse,Mephistopheles,1
Empuse,Oreas,1
Empuse,Phorkyaden,1
Empuse,Phorkyas,1
Empuse,Pygmäen,1
Empuse,Seismos,1
Empuse,Sirenen,1
Empuse,Sphinxe,1
Empuse,Thales,1
Generalissimus,Greife,1
Generalissimus,Homunculus,1
Generalissimus,Imsen Und Daktyle,1
Generalissimus,Lamien,1
Generalissimus,Mephistopheles,1
Generalissimus,Oreas,1
Generalissimus,Phorkyaden,1
Generalissimus,Phorkyas,1
Generalissimus,Pygmäen,1
Generalissimus,Seismos,1
Generalissimus,Sirenen,1
Generalissimus,Sphinxe,1
Generalissimus,Thales,1
Greife,Homunculus,1
Greife,Imsen Und Daktyle,1
Greife,Lamien,1
Greife,Oreas,1
Greife,Phorkyaden,1
Greife,Phorkyas,1
Greife,Pygmäen,1
Greife,Seismos,1
Greife,Thales,1
Homunculus,Imsen Und Daktyle,1
Homunculus,Lamien,1
Homunculus,Oreas,1
Homunculus,Phorkyaden,1
Homunculus,Phorkyas,1
Homunculus,Pygmäen,1
Homunculus,Seismos,1
Homunculus,Sirenen,2
Homunculus,Sphinxe,1
Homunculus,Thales,2
Imsen Und Daktyle,Lamien,1
Imsen Und Daktyle,Mephistopheles,1
Imsen Und Daktyle,Oreas,1
Imsen Und Daktyle,Phorkyaden,1
Imsen Und Daktyle,Phorkyas,1
Imsen Und Daktyle,Pygmäen,1
Imsen Und Daktyle,Seismos,1
Imsen Und Daktyle,Sirenen,1
Imsen Und Daktyle,Sphinxe,1
Imsen Und Daktyle,Thales,1
Lamien,Mephistopheles,1
Lamien,Oreas,1
Lamien,Phorkyaden,1
Lamien,Phorkyas,1
Lamien,Pygmäen,1
Lamien,Seismos,1
Lamien,Sirenen,1
Lamien,Sphinxe,1
Lamien,Thales,1
Mephistopheles,Oreas,1
Mephistopheles,Phorkyaden,1
Mephistopheles,Phorkyas,1
Mephistopheles,Pygmäen,1
Mephistopheles,Seismos,1
Mephistopheles,Thales,1
Oreas,Phorkyaden,1
Oreas,Phorkyas,1
Oreas,Pygmäen,1
Oreas,Seismos,1
Oreas,Sirenen,1
Oreas,Sphinxe,1
Oreas,Thales,1
Phorkyaden,Phorkyas,1
Phorkyaden,Pygmäen,1
Phorkyaden,Seismos,1
Phorkyaden,Sirenen,1
Phorkyaden,Sphinxe,1
Phorkyaden,Thales,1
Phorkyas,Pygmäen,1
Phorkyas,Seismos,1
Phorkyas,Sirenen,1
Phorkyas,Sphinxe,1
Phorkyas,Thales,1
Pygmäen,Seismos,1
Pygmäen,Sirenen,1
Pygmäen,Sphinxe,1
Pygmäen,Thales,1
Seismos,Sirenen,1
Seismos,Sphinxe,1
Seismos,Thales,1
Sirenen,Thales,2
Sphinxe,Thales,1
Chor,Die Jünglinge,1
Chor,Doriden,1
Chor,Echo,1
Chor,Galatee,1
Chor,Homunculus,1
Chor,Nereiden Und Tritonen,1
Chor,Nereus,1
Chor,Proteus,1
Chor,Psyllen Und Marsen,1
Chor,Sirenen,1
Chor,Telchinen,1
Chor,Thales,1
Die Jünglinge,Doriden,1
Die Jünglinge,Echo,1
Die Jünglinge,Galatee,1
Die Jünglinge,Homunculus,1
Die Jünglinge,Nereiden Und Tritonen,1
Die Jünglinge,Nereus,1
Die Jünglinge,Proteus,1
Die Jünglinge,Psyllen Und Marsen,1
Die Jünglinge,Sirenen,1
Die Jünglinge,Telchinen,1
Die Jünglinge,Thales,1
Doriden,Echo,1
Doriden,Galatee,1
Doriden,Homunculus,1
Doriden,Nereiden Und Tritonen,1
Doriden,Nereus,1
Doriden,Proteus,1
Doriden,Psyllen Und Marsen,1
Doriden,Sirenen,1
Doriden,Telchinen,1
Doriden,Thales,1
Echo,Galatee,1
Echo,Homunculus,1
Echo,Nereiden Und Tritonen,1
Echo,Nereus,1
Echo,Proteus,1
Echo,Psyllen Und Marsen,1
Echo,Sirenen,1
Echo,Telchinen,1
Echo,Thales,1
Galatee,Homunculus,1
Galatee,Nereiden Und Tritonen,1
Galatee,Nereus,1
Galatee,Proteus,1
Galatee,Psyllen Und Marsen,1
Galatee,Sirenen,1
Galatee,Telchinen,1
Galatee,Thales,1
Homunculus,Nereiden Und Tritonen,1
Homunculus,Nereus,1
Homunculus,Proteus,1
Homunculus,Psyllen Und Marsen,1
Homunculus,Telchinen,1
Nereiden Und Tritonen,Nereus,1
Nereiden Und Tritonen,Proteus,1
Nereiden Und Tritonen,Psyllen Und Marsen,1
Nereiden Und Tritonen,Sirenen,1
Nereiden Und Tritonen,Telchinen,1
Nereiden Und Tritonen,Thales,1
Nereus,Proteus,1
Nereus,Psyllen Und Marsen,1
Nereus,Sirenen,1
Nereus,Telchinen,1
Nereus,Thales,1
Proteus,Psyllen Und Marsen,1
Proteus,Sirenen,1
Proteus,Telchinen,1
Proteus,Thales,1
Psyllen Und Marsen,Sirenen,1
Psyllen Und Marsen,Telchinen,1
Psyllen Und Marsen,Thales,1
Sirenen,Telchinen,1
Telchinen,Thales,1
Chor,Choretide 1,1
Chor,Choretide 2,1
Chor,Choretide 3,1
Chor,Choretide 4,1
Chor,Choretide 5,1
Chor,Choretide 6,1
Chor,Chorführerin,2
Chor,Helena,3
Chor,Panthalis,2
Chor,Phorkyas,3
Choretide 1,Choretide 2,1
Choretide 1,Choretide 3,1
Choretide 1,Choretide 4,1
Choretide 1,Choretide 5,1
Choretide 1,Choretide 6,1
Choretide 1,Chorführerin,1
Choretide 1,Helena,1
Choretide 1,Panthalis,1
Choretide 1,Phorkyas,1
Choretide 2,Choretide 3,1
Choretide 2,Choretide 4,1
Choretide 2,Choretide 5,1
Choretide 2,Choretide 6,1
Choretide 2,Chorführerin,1
Choretide 2,Helena,1
Choretide 2,Panthalis,1
Choretide 2,Phorkyas,1
Choretide 3,Choretide 4,1
Choretide 3,Choretide 5,1
Choretide 3,Choretide 6,1
Choretide 3,Chorführerin,1
Choretide 3,Helena,1
Choretide 3,Panthalis,1
Choretide 3,Phorkyas,1
Choretide 4,Choretide 5,1
Choretide 4,Choretide 6,1
Choretide 4,Chorführerin,1
Choretide 4,Helena,1
Choretide 4,Panthalis,1
Choretide 4,Phorkyas,1
Choretide 5,Choretide 6,1
Choretide 5,Chorführerin,1
Choretide 5,Helena,1
Choretide 5,Panthalis,1
Choretide 5,Phorkyas,1
Choretide 6,Chorführerin,1
Choretide 6,Helena,1
Choretide 6,Panthalis,1
Choretide 6,Phorkyas,1
Chorführerin,Helena,2
Chorführerin,Panthalis,1
Chorführerin,Phorkyas,2
Helena,Panthalis,2
Helena,Phorkyas,3
Panthalis,Phorkyas,2
Chor,Lynkeus,1
Chor,Turmwächter Lynkeus,1
Chorführerin,Faust,1
Chorführerin,Lynkeus,1
Chorführerin,Turmwächter Lynkeus,1
Faust,Helena,2
Faust,Lynkeus,1
Faust,Phorkyas,2
Faust,Turmwächter Lynkeus,1
Helena,Lynkeus,1
Helena,Turmwächter Lynkeus,1
Lynkeus,Phorkyas,1
Lynkeus,Turmwächter Lynkeus,1
Phorkyas,Turmwächter Lynkeus,1
Alle,Chor,1
Alle,Die Vorigen,1
Alle,Ein Andrer Teil,1
Alle,Ein Dritter Teil,1
Alle,Ein Teil Des Chors,1
Alle,Ein Vierter Teil,1
Alle,Euphorion,1
Alle,Euphorions Stimme,1
Alle,Helena,1
Alle,Helena Und Faust,1
Alle,Mädchen,1
Alle,Panthalis,1
Alle,Phorkyas,1
Chor,Die Vorigen,1
Chor,Ein Andrer Teil,1
Chor,Ein Dritter Teil,1
Chor,Ein Teil Des Chors,1
Chor,Ein Vierter Teil,1
Chor,Euphorion,1
Chor,Euphorions Stimme,1
Chor,Helena Und Faust,1
Chor,Mädchen,1
Die Vorigen,Ein Andrer Teil,1
Die Vorigen,Ein Dritter Teil,1
Die Vorigen,Ein Teil Des Chors,1
Die Vorigen,Ein Vierter Teil,1
Die Vorigen,Euphorion,1
Die Vorigen,Euphorions Stimme,1
Die Vorigen,Faust,1
Die Vorigen,Helena,1
Die Vorigen,Helena Und Faust,1
Die Vorigen,Mädchen,1
Die Vorigen,Panthalis,1
Die Vorigen,Phorkyas,1
Ein Andrer Teil,Ein Dritter Teil,1
Ein Andrer Teil,Ein Teil Des Chors,1
Ein Andrer Teil,Ein Vierter Teil,1
Ein Andrer Teil,Euphorion,1
Ein Andrer Teil,Euphorions Stimme,1
Ein Andrer Teil,Faust,1
Ein Andrer Teil,Helena,1
Ein Andrer Teil,Helena Und Faust,1
Ein Andrer Teil,Mädchen,1
Ein Andrer Teil,Panthalis,1
Ein Andrer Teil,Phorkyas,1
Ein Dritter Teil,Ein Teil Des Chors,1
Ein Dritter Teil,Ein Vierter Teil,1
Ein Dritter Teil,Euphorion,1
Ein Dritter Teil,Euphorions Stimme,1
Ein Dritter Teil,Faust,1
Ein Dritter Teil,Helena,1
Ein Dritter Teil,Helena Und Faust,1
Ein Dritter Teil,Mädchen,1
Ein Dritter Teil,Panthalis,1
Ein Dritter Teil,Phorkyas,1
Ein Teil Des Chors,Ein Vierter Teil,1
Ein Teil Des Chors,Euphorion,1
Ein Teil Des Chors,Euphorions Stimme,1
Ein Teil Des Chors,Faust,1
Ein Teil Des Chors,Helena,1
Ein Teil Des Chors,Helena Und Faust,1
Ein Teil Des Chors,Mädchen,1
Ein Teil Des Chors,Panthalis,1
Ein Teil Des Chors,Phorkyas,1
Ein Vierter Teil,Euphorion,1
Ein Vierter Teil,Euphorions Stimme,1
Ein Vierter Teil,Faust,1
Ein Vierter Teil,Helena,1
Ein Vierter Teil,Helena Und Faust,1
Ein Vierter Teil,Mädchen,1
Ein Vierter Teil,Panthalis,1
Ein Vierter Teil,Phorkyas,1
Euphorion,Euphorions Stimme,1
Euphorion,Faust,1
Euphorion,Helena,1
Euphorion,Helena Und Faust,1
Euphorion,Mädchen,1
Euphorion,Panthalis,1
Euphorion,Phorkyas,1
Euphorions Stimme,Faust,1
Euphorions Stimme,Helena,1
Euphorions Stimme,Helena Und Faust,1
Euphorions Stimme,Mädchen,1
Euphorions Stimme,Panthalis,1
Euphorions Stimme,Phorkyas,1
Faust,Helena Und Faust,1
Faust,Mädchen,1
Faust,Panthalis,1
Helena,Helena Und Faust,1
Helena,Mädchen,1
Helena Und Faust,Mädchen,1
Helena Und Faust,Panthalis,1
Helena Und Faust,Phorkyas,1
Mädchen,Panthalis,1
Mädchen,Phorkyas,1
Faust,Habebald,2
Faust,Haltefest,2
Faust,Raufebold,2
Habebald,Haltefest,2
Habebald,Mephistopheles,2
Habebald,Raufebold,2
Haltefest,Mephistopheles,2
Haltefest,Raufebold,2
Mephistopheles,Raufebold,2
Eilebeute,Erster Kundschafter,1
Eilebeute,Faust,1
Eilebeute,Habebald,2
Eilebeute,Haltefest,1
Eilebeute,Herolde,1
Eilebeute,Kaiser,2
Eilebeute,Mephistopheles,1
Eilebeute,Obergen,1
Eilebeute,Obergeneral,1
Eilebeute,Raufebold,1
Eilebeute,Zweiter Kundschafter,1
Erster Kundschafter,Faust,1
Erster Kundschafter,Habebald,1
Erster Kundschafter,Haltefest,1
Erster Kundschafter,Herolde,1
Erster Kundschafter,Kaiser,1
Erster Kundschafter,Mephistopheles,1
Erster Kundschafter,Obergen,1
Erster Kundschafter,Obergeneral,1
Erster Kundschafter,Raufebold,1
Erster Kundschafter,Zweiter Kundschafter,1
Faust,Herolde,1
Faust,Obergen,1
Faust,Obergeneral,1
Faust,Zweiter Kundschafter,1
Habebald,Herolde,1
Habebald,Kaiser,2
Habebald,Obergen,1
Habebald,Obergeneral,1
Habebald,Zweiter Kundschafter,1
Haltefest,Herolde,1
Haltefest,Kaiser,1
Haltefest,Obergen,1
Haltefest,Obergeneral,1
Haltefest,Zweiter Kundschafter,1
Herolde,Kaiser,1
Herolde,Mephistopheles,1
Herolde,Obergen,1
Herolde,Obergeneral,1
Herolde,Raufebold,1
Herolde,Zweiter Kundschafter,1
Kaiser,Obergen,1
Kaiser,Obergeneral,1
Kaiser,Raufebold,1
Kaiser,Zweiter Kundschafter,1
Mephistopheles,Obergen,1
Mephistopheles,Obergeneral,1
Mephistopheles,Zweiter Kundschafter,1
Obergen,Obergeneral,1
Obergen,Raufebold,1
Obergen,Zweiter Kundschafter,1
Obergeneral,Raufebold,1
Obergeneral,Zweiter Kundschafter,1
Raufebold,Zweiter Kundschafter,1
Der Geistliche,Der Kaiser,1
Der Geistliche,Dritter,1
Der Geistliche,Eilebeute,1
Der Geistliche,Erster Trabant,1
Der Geistliche,Erzbischof,1
Der Geistliche,Erzkanzler,1
Der Geistliche,Erzkämmerer,1
Der Geistliche,Erzmarschall,1
Der Geistliche,Erzschenk,1
Der Geistliche,Erztruchsess,1
Der Geistliche,Habebald,1
Der Geistliche,Kaiser,1
Der Geistliche,Trabanten,1
Der Geistliche,Vierter,1
Der Geistliche,Zweiter,1
Der Kaiser,Dritter,1
Der Kaiser,Eilebeute,1
Der Kaiser,Erster Trabant,1
Der Kaiser,Erzbischof,1
Der Kaiser,Erzkanzler,1
Der Kaiser,Erzkämmerer,1
Der Kaiser,Erzmarschall,1
Der Kaiser,Erzschenk,1
Der Kaiser,Erztruchsess,1
Der Kaiser,Habebald,1
Der Kaiser,Kaiser,1
Der Kaiser,Trabanten,1
Der Kaiser,Vierter,1
Der Kaiser,Zweiter,1
Dritter,Eilebeute,1
Dritter,Erster Trabant,1
Dritter,Erzbischof,1
Dritter,Erzkanzler,1
Dritter,Erzkämmerer,1
Dritter,Erzmarschall,1
Dritter,Erzschenk,1
Dritter,Erztruchsess,1
Dritter,Habebald,1
Dritter,Kaiser,1
Dritter,Trabanten,1
Dritter,Vierter,1
Dritter,Zweiter,1
Eilebeute,Erster Trabant,1
Eilebeute,Erzbischof,1
Eilebeute,Erzkanzler,1
Eilebeute,Erzkämmerer,1
Eilebeute,Erzmarschall,1
Eilebeute,Erzschenk,1
Eilebeute,Erztruchsess,1
Eilebeute,Trabanten,1
Eilebeute,Vierter,1
Eilebeute,Zweiter,1
Erster Trabant,Erzbischof,1
Erster Trabant,Erzkanzler,1
Erster Trabant,Erzkämmerer,1
Erster Trabant,Erzmarschall,1
Erster Trabant,Erzschenk,1
Erster Trabant,Erztruchsess,1
Erster Trabant,Habebald,1
Erster Trabant,Kaiser,1
Erster Trabant,Trabanten,1
Erster Trabant,Vierter,1
Erster Trabant,Zweiter,1
Erzbischof,Erzkanzler,1
Erzbischof,Erzkämmerer,1
Erzbischof,Erzmarschall,1
Erzbischof,Erzschenk,1
Erzbischof,Erztruchsess,1
Erzbischof,Habebald,1
Erzbischof,Kaiser,1
Erzbischof,Trabanten,1
Erzbischof,Vierter,1
Erzbischof,Zweiter,1
Erzkanzler,Erzkämmerer,1
Erzkanzler,Erzmarschall,1
Erzkanzler,Erzschenk,1
Erzkanzler,Erztruchsess,1
Erzkanzler,Habebald,1
Erzkanzler,Kaiser,1
Erzkanzler,Trabanten,1
Erzkanzler,Vierter,1
Erzkanzler,Zweiter,1
Erzkämmerer,Erzmarschall,1
Erzkämmerer,Erzschenk,1
Erzkämmerer,Erztruchsess,1
Erzkämmerer,Habebald,1
Erzkämmerer,Kaiser,1
Erzkämmerer,Trabanten,1
Erzkämmerer,Vierter,1
Erzkämmerer,Zweiter,1
Erzmarschall,Erzschenk,1
Erzmarschall,Erztruchsess,1
Erzmarschall,Habebald,1
Erzmarschall,Kaiser,1
Erzmarschall,Trabanten,1
Erzmarschall,Vierter,1
Erzmarschall,Zweiter,1
Erzschenk,Erztruchsess,1
Erzschenk,Habebald,1
Erzschenk,Kaiser,1
Erzschenk,Trabanten,1
Erzschenk,Vierter,1
Erzschenk,Zweiter,1
Erztruchsess,Habebald,1
Erztruchsess,Kaiser,1
Erztruchsess,Trabanten,1
Erztruchsess,Vierter,1
Erztruchsess,Zweiter,1
Habebald,Trabanten,1
Habebald,Vierter,1
Habebald,Zweiter,1
Kaiser,Trabanten,1
Kaiser,Vierter,1
Kaiser,Zweiter,1
Trabanten,Vierter,1
Trabanten,Zweiter,1
Baucis,Philemon,1
Baucis,Wandrer,1
Philemon,Wandrer,1
Chorus,Die Drei,1
Chorus,Die Drei Gewaltigen Gesellen,1
Chorus,Die Gesellen,1
Chorus,Lynkeus Der Türmer,2
Chorus,Türmer,1
Die Drei,Die Drei Gewaltigen Gesellen,1
Die Drei,Die Gesellen,1
Die Drei,Faust,1
Die Drei,Lynkeus Der Türmer,1
Die Drei,Mephistopheles,1
Die Drei,Türmer,1
Die Drei Gewaltigen Gesellen,Die Gesellen,1
Die Drei Gewaltigen Gesellen,Faust,1
Die Drei Gewaltigen Gesellen,Lynkeus Der Türmer,1
Die Drei Gewaltigen Gesellen,Mephistopheles,1
Die Drei Gewaltigen Gesellen,Türmer,1
Die Gesellen,Faust,1
Die Gesellen,Lynkeus Der Türmer,1
Die Gesellen,Mephistopheles,1
Die Gesellen,Türmer,1
Faust,Lynkeus Der Türmer,2
Faust,Türmer,1
Lynkeus Der Türmer,Mephistopheles,1
Lynkeus Der Türmer,Türmer,1
Mephistopheles,Türmer,1
Chorus,Mephistopheles Und Die Dreie,1
Faust,Mephistopheles Und Die Dreie,1
Lynkeus Der Türmer,Mephistopheles Und Die Dreie,1
Dritte,Erste,1
Dritte,Mangel,1
Dritte,Not,1
Dritte,Schuld,1
Dritte,Sorge,1
Erste,Mangel,1
Erste,Not,1
Erste,Schuld,1
Erste,Sorge,1
Erste,Vierte,1
Erste,Zweite,1
Faust,Mangel,1
Faust,Not,1
Faust,Schuld,1
Faust,Sorge,1
Mangel,Not,1
Mangel,Schuld,1
Mangel,Sorge,1
Mangel,Vierte,1
Mangel,Zweite,1
Not,Schuld,1
Not,Sorge,1
Not,Vierte,1
Not,Zweite,1
Schuld,Sorge,1
Schuld,Vierte,1
Schuld,Zweite,1
Sorge,Vierte,1
Sorge,Zweite,1
Chor,Lemuren,1
Faust,Lemuren,1
Lemuren,Mephistopheles,2
Chor Der Engel,Engel,1
Chor Der Engel,Himmlische Heerschar,1
Chor Der Engel,Lemur,1
Chor Der Engel,Lemuren,1
Chor Der Engel,Mephistopheles,1
Engel,Himmlische Heerschar,1
Engel,Lemur,1
Engel,Lemuren,1
Engel,Mephistopheles,1
Himmlische Heerschar,Lemur,1
Himmlische Heerschar,Lemuren,1
Himmlische Heerschar,Mephistopheles,1
Lemur,Lemuren,1
Lemur,Mephistopheles,1
Chor Der Büsserinnen,Chor Seliger Knaben,1
Chor Der Büsserinnen,Chor Und Echo,1
Chor Der Büsserinnen,Chorus Mysticus,1
Chor Der Büsserinnen,Die Eine Büsserin,1
Chor Der Büsserinnen,Die Jüngeren Engel,1
Chor Der Büsserinnen,Die Seligen Knaben,1
Chor Der Büsserinnen,Die Vollendeteren Engel,1
Chor Der Büsserinnen,Doctor Marianus,1
Chor Der Büsserinnen,Magna Peccatrix,1
Chor Der Büsserinnen,Maria Aegyptiaca,1
Chor Der Büsserinnen,Mater Gloriosa,1
Chor Der Büsserinnen,Mulier Samaritana,1
Chor Der Büsserinnen,Pater Ecstaticus,1
Chor Der Büsserinnen,Pater Profundus,1
Chor Der Büsserinnen,Pater Seraphicus,1
Chor Der Büsserinnen,Selige Knaben,1
Chor Der Büsserinnen,Una Poenitentium,1
Chor Der Büsserinnen,Zu Drei,1
Chor Seliger Knaben,Chor Und Echo,1
Chor Seliger Knaben,Chorus Mysticus,1
Chor Seliger Knaben,Die Eine Büsserin,1
Chor Seliger Knaben,Die Jüngeren Engel,1
Chor Seliger Knaben,Die Seligen Knaben,1
Chor Seliger Knaben,Die Vollendeteren Engel,1
Chor Seliger Knaben,Doctor Marianus,1
Chor Seliger Knaben,Magna Peccatrix,1
Chor Seliger Knaben,Maria Aegyptiaca,1
Chor Seliger Knaben,Mater Gloriosa,1
Chor Seliger Knaben,Mulier Samaritana,1
Chor Seliger Knaben,Pater Ecstaticus,1
Chor Seliger Knaben,Pater Profundus,1
Chor Seliger Knaben,Pater Seraphicus,1
Chor Seliger Knaben,Selige Knaben,1
Chor Seliger Knaben,Una Poenitentium,1
Chor Seliger Knaben,Zu Drei,1
Chor Und Echo,Chorus Mysticus,1
Chor Und Echo,Die Eine Büsserin,1
Chor Und Echo,Die Jüngeren Engel,1
Chor Und Echo,Die Seligen Knaben,1
Chor Und Echo,Die Vollendeteren Engel,1
Chor Und Echo,Doctor Marianus,1
Chor Und Echo,Magna Peccatrix,1
Chor Und Echo,Maria Aegyptiaca,1
Chor Und Echo,Mater Gloriosa,1
Chor Und Echo,Mulier Samaritana,1
Chor Und Echo,Pater Ecstaticus,1
Chor Und Echo,Pater Profundus,1
Chor Und Echo,Pater Seraphicus,1
Chor Und Echo,Selige Knaben,1
Chor Und Echo,Una Poenitentium,1
Chor Und Echo,Zu Drei,1
Chorus Mysticus,Die Eine Büsserin,1
Chorus Mysticus,Die Jüngeren Engel,1
Chorus Mysticus,Die Seligen Knaben,1
Chorus Mysticus,Die Vollendeteren Engel,1
Chorus Mysticus,Doctor Marianus,1
Chorus Mysticus,Magna Peccatrix,1
Chorus Mysticus,Maria Aegyptiaca,1
Chorus Mysticus,Mater Gloriosa,1
Chorus Mysticus,Mulier Samaritana,1
Chorus Mysticus,Pater Ecstaticus,1
Chorus Mysticus,Pater Profundus,1
Chorus Mysticus,Pater Seraphicus,1
Chorus Mysticus,Selige Knaben,1
Chorus Mysticus,Una Poenitentium,1
Chorus Mysticus,Zu Drei,1
Die Eine Büsserin,Die Jüngeren Engel,1
Die Eine Büsserin,Die Seligen Knaben,1
Die Eine Büsserin,Die Vollendeteren Engel,1
Die Eine Büsserin,Doctor Marianus,1
Die Eine Büsserin,Magna Peccatrix,1
Die Eine Büsserin,Maria Aegyptiaca,1
Die Eine Büsserin,Mater Gloriosa,1
Die Eine Büsserin,Mulier Samaritana,1
Die Eine Büsserin,Pater Ecstaticus,1
Die Eine Büsserin,Pater Profundus,1
Die Eine Büsserin,Pater Seraphicus,1
Die Eine Büsserin,Selige Knaben,1
Die Eine Büsserin,Una Poenitentium,1
Die Eine Büsserin,Zu Drei,1
Die Jüngeren Engel,Die Seligen Knaben,1
Die Jüngeren Engel,Die Vollendeteren Engel,1
Die Jüngeren Engel,Doctor Marianus,1
Die Jüngeren Engel,Magna Peccatrix,1
Die Jüngeren Engel,Maria Aegyptiaca,1
Die Jüngeren Engel,Mater Gloriosa,1
Die Jüngeren Engel,Mulier Samaritana,1
Die Jüngeren Engel,Pater Ecstaticus,1
Die Jüngeren Engel,Pater Profundus,1
Die Jüngeren Engel,Pater Seraphicus,1
Die Jüngeren Engel,Selige Knaben,1
Die Jüngeren Engel,Una Poenitentium,1
Die Jüngeren Engel,Zu Drei,1
Die Seligen Knaben,Die Vollendeteren Engel,1
Die Seligen Knaben,Doctor Marianus,1
Die Seligen Knaben,Magna Peccatrix,1
Die Seligen Knaben,Maria Aegyptiaca,1
Die Seligen Knaben,Mater Gloriosa,1
Die Seligen Knaben,Mulier Samaritana,1
Die Seligen Knaben,Pater Ecstaticus,1
Die Seligen Knaben,Pater Profundus,1
Die Seligen Knaben,Pater Seraphicus,1
Die Seligen Knaben,Selige Knaben,1
Die Seligen Knaben,Una Poenitentium,1
Die Seligen Knaben,Zu Drei,1
Die Vollendeteren Engel,Doctor Marianus,1
Die Vollendeteren Engel,Magna Peccatrix,1
Die Vollendeteren Engel,Maria Aegyptiaca,1
Die Vollendeteren Engel,Mater Gloriosa,1
Die Vollendeteren Engel,Mulier Samaritana,1
Die Vollendeteren Engel,Pater Ecstaticus,1
Die Vollendeteren Engel,Pater Profundus,1
Die Vollendeteren Engel,Pater Seraphicus,1
Die Vollendeteren Engel,Selige Knaben,1
Die Vollendeteren Engel,Una Poenitentium,1
Die Vollendeteren Engel,Zu Drei,1
Doctor Marianus,Magna Peccatrix,1
Doctor Marianus,Maria Aegyptiaca,1
Doctor Marianus,Mater Gloriosa,1
Doctor Marianus,Mulier Samaritana,1
Doctor Marianus,Pater Ecstaticus,1
Doctor Marianus,Pater Profundus,1
Doctor Marianus,Pater Seraphicus,1
Doctor Marianus,Selige Knaben,1
Doctor Marianus,Una Poenitentium,1
Doctor Marianus,Zu Drei,1
Magna Peccatrix,Maria Aegyptiaca,1
Magna Peccatrix,Mater Gloriosa,1
Magna Peccatrix,Mulier Samaritana,1
Magna Peccatrix,Pater Ecstaticus,1
Magna Peccatrix,Pater Profundus,1
Magna Peccatrix,Pater Seraphicus,1
Magna Peccatrix,Selige Knaben,1
Magna Peccatrix,Una Poenitentium,1
Magna Peccatrix,Zu Drei,1
Maria Aegyptiaca,Mater Gloriosa,1
Maria Aegyptiaca,Mulier Samaritana,1
Maria Aegyptiaca,Pater Ecstaticus,1
Maria Aegyptiaca,Pater Profundus,1
Maria Aegyptiaca,Pater Seraphicus,1
Maria Aegyptiaca,Selige Knaben,1
Maria Aegyptiaca,Una Poenitentium,1
Maria Aegyptiaca,Zu Drei,1
Mater Gloriosa,Mulier Samaritana,1
Mater Gloriosa,Pater Ecstaticus,1
Mater Gloriosa,Pater Profundus,1
Mater Gloriosa,Pater Seraphicus,1
Mater Gloriosa,Selige Knaben,1
Mater Gloriosa,Una Poenitentium,1
Mater Gloriosa,Zu Drei,1
Mulier Samaritana,Pater Ecstaticus,1
Mulier Samaritana,Pater Profundus,1
Mulier Samaritana,Pater Seraphicus,1
Mulier Samaritana,Selige Knaben,1
Mulier Samaritana,Una Poenitentium,1
Mulier Samaritana,Zu Drei,1
Pater Ecstaticus,Pater Profundus,1
Pater Ecstaticus,Pater Seraphicus,1
Pater Ecstaticus,Selige Knaben,1
Pater Ecstaticus,Una Poenitentium,1
Pater Ecstaticus,Zu Drei,1
Pater Profundus,Pater Seraphicus,1
Pater Profundus,Selige Knaben,1
Pater Profundus,Una Poenitentium,1
Pater Profundus,Zu Drei,1
Pater Seraphicus,Selige Knaben,1
Pater Seraphicus,Una Poenitentium,1
Pater Seraphicus,Zu Drei,1
Selige Knaben,Una Poenitentium,1
Selige Knaben,Zu Drei,1
Una Poenitentium,Zu Drei,1
